_id,filename,sources_id,info_id,last_updated,valid_from,valid_until
CZHMns,eskom-direct-1-even.ics,QyvkKk,KfLT6x,,,
Ammxku,eskom-direct-1-odd.ics,QyvkKk,KfLT6x,,,
7MVzBU,eskom-direct-2-even.ics,QyvkKk,KfLT6x,,,
PnADoF,eskom-direct-2-odd.ics,QyvkKk,KfLT6x,,,
YhUhqS,eskom-direct-3-even.ics,QyvkKk,KfLT6x,,,
EuA2L6,eskom-direct-3-odd.ics,QyvkKk,KfLT6x,,,
RjjNsB,eskom-direct-4-even.ics,QyvkKk,KfLT6x,,,
qR9kPD,eskom-direct-4-odd.ics,QyvkKk,KfLT6x,,,
P3kr2k,eskom-direct-7-even.ics,QyvkKk,KfLT6x,,,
wbXf9d,eskom-direct-7-odd.ics,QyvkKk,KfLT6x,,,
itBxaj,eskom-direct-8-even.ics,QyvkKk,KfLT6x,,,
DqBGnS,eskom-direct-8-odd.ics,QyvkKk,KfLT6x,,,
P96sei,eskom-direct-9-even.ics,QyvkKk,KfLT6x,,,
6xZYcT,eskom-direct-9-odd.ics,QyvkKk,KfLT6x,,,
KzyQa9,eskom-direct-10-even.ics,QyvkKk,KfLT6x,,,
gKST7e,eskom-direct-10-odd.ics,QyvkKk,KfLT6x,,,
de8Ktp,eskom-direct-11-even.ics,QyvkKk,KfLT6x,,,
CiykTV,eskom-direct-11-odd.ics,QyvkKk,KfLT6x,,,
x3HR6g,eskom-direct-12-even.ics,QyvkKk,KfLT6x,,,
yzJGPv,eskom-direct-12-odd.ics,QyvkKk,KfLT6x,,,
57D88G,eskom-direct-13-even.ics,QyvkKk,KfLT6x,,,
NEt5yR,eskom-direct-13-odd.ics,QyvkKk,KfLT6x,,,
EsE4CU,eskom-direct-14-even.ics,QyvkKk,KfLT6x,,,
SW698e,eskom-direct-14-odd.ics,QyvkKk,KfLT6x,,,
ronswo,eskom-direct-15-even.ics,QyvkKk,KfLT6x,,,
mQXZQ5,eskom-direct-15-odd.ics,QyvkKk,KfLT6x,,,
vFTwQo,eskom-direct-16-even.ics,QyvkKk,KfLT6x,,,
VA2DVz,eskom-direct-16-odd.ics,QyvkKk,KfLT6x,,,
pyNVMS,city-of-cape-town-area-1.ics,AUoBem,56moo3,,,
amGyhd,city-of-cape-town-area-10.ics,AUoBem,56moo3,,,
ChrtiR,city-of-cape-town-area-11.ics,AUoBem,56moo3,,,
oMmiPg,city-of-cape-town-area-12.ics,AUoBem,56moo3,,,
YTVBL9,city-of-cape-town-area-13.ics,AUoBem,56moo3,,,
ecMzDb,city-of-cape-town-area-14.ics,AUoBem,56moo3,,,
XcTG3h,city-of-cape-town-area-15.ics,AUoBem,56moo3,,,
hQmSJe,city-of-cape-town-area-16.ics,AUoBem,56moo3,,,
SpizhK,city-of-cape-town-area-2.ics,AUoBem,56moo3,,,
Xc3Z8y,city-of-cape-town-area-3.ics,AUoBem,56moo3,,,
hrHV2v,city-of-cape-town-area-4.ics,AUoBem,56moo3,,,
yQVdX3,city-of-cape-town-area-5.ics,AUoBem,56moo3,,,
xCpKC9,city-of-cape-town-area-6.ics,AUoBem,56moo3,,,
w93RGJ,city-of-cape-town-area-7.ics,AUoBem,56moo3,,,
urJGqg,city-of-cape-town-area-8.ics,AUoBem,56moo3,,,
ynr7Vz,city-of-cape-town-area-9.ics,AUoBem,56moo3,,,
dXu7jp,city-power-1.ics,2xwDv3,LqkKoX,,,
ukdpET,city-power-10.ics,2xwDv3,LqkKoX,,,
bBCNgW,city-power-11.ics,2xwDv3,LqkKoX,,,
MiVQgd,city-power-12.ics,2xwDv3,LqkKoX,,,
9xnu2d,city-power-13.ics,2xwDv3,LqkKoX,,,
MmBq2s,city-power-14.ics,2xwDv3,LqkKoX,,,
n2Dq2N,city-power-15.ics,2xwDv3,LqkKoX,,,
rgNZDd,city-power-16.ics,2xwDv3,LqkKoX,,,
xQjFR3,city-power-2.ics,2xwDv3,LqkKoX,,,
FEmTzM,city-power-3.ics,2xwDv3,LqkKoX,,,
c4TTrR,city-power-4.ics,2xwDv3,LqkKoX,,,
z5Cb5r,city-power-5.ics,2xwDv3,LqkKoX,,,
BxPuVr,city-power-6.ics,2xwDv3,LqkKoX,,,
Vrp6MR,city-power-7.ics,2xwDv3,LqkKoX,,,
FMd3JY,city-power-8.ics,2xwDv3,LqkKoX,,,
4o9QuU,city-power-9.ics,2xwDv3,LqkKoX,,,
4wav5P,eastern-cape-adelaide.ics,JJ4hGn,bZDi8Y,,,
jMXRW8,eastern-cape-arbedeen.ics,JJ4hGn,bZDi8Y,,,
YsgJ3u,eastern-cape-barklyeast.ics,JJ4hGn,bZDi8Y,,,
NCzf5j,eastern-cape-bathurst.ics,JJ4hGn,bZDi8Y,,,
TJyVkF,eastern-cape-bedford.ics,JJ4hGn,bZDi8Y,,,
vsVpCY,eastern-cape-burgersdorp.ics,JJ4hGn,bZDi8Y,,,
9g6WR3,eastern-cape-butterworth.ics,JJ4hGn,bZDi8Y,,,
GfKGHo,eastern-cape-capestfrancisbay.ics,JJ4hGn,bZDi8Y,,,
U28PX9,eastern-cape-cathcart.ics,JJ4hGn,bZDi8Y,,,
PokJJo,eastern-cape-cradock.ics,JJ4hGn,bZDi8Y,,,
BgbajY,eastern-cape-dordrecht.ics,JJ4hGn,bZDi8Y,,,
sMUCsb,eastern-cape-dutywa.ics,JJ4hGn,bZDi8Y,,,
8HJmHT,eastern-cape-elliot.ics,JJ4hGn,bZDi8Y,,,
LXrYkD,eastern-cape-george.ics,JJ4hGn,bZDi8Y,,,
kZcjwz,eastern-cape-graaf-reinet.ics,JJ4hGn,bZDi8Y,,,
zAEgwm,eastern-cape-grahamstown.ics,JJ4hGn,bZDi8Y,,,
2acUED,eastern-cape-hofmeyer.ics,JJ4hGn,bZDi8Y,,,
ETvnZZ,eastern-cape-humansdorp.ics,JJ4hGn,bZDi8Y,,,
gD5jdL,eastern-cape-indwe.ics,JJ4hGn,bZDi8Y,,,
vGbSVv,eastern-cape-jansenville.ics,JJ4hGn,bZDi8Y,,,
pA3DT3,eastern-cape-jeffreysbay.ics,JJ4hGn,bZDi8Y,,,
YXQnpj,eastern-cape-kirkwood.ics,JJ4hGn,bZDi8Y,,,
zfZz2H,eastern-cape-komga.ics,JJ4hGn,bZDi8Y,,,
DsVBfy,eastern-cape-ladygrey.ics,JJ4hGn,bZDi8Y,,,
eMFzv9,eastern-cape-maclear.ics,JJ4hGn,bZDi8Y,,,
TUqvps,eastern-cape-marselle.ics,JJ4hGn,bZDi8Y,,,
gUzmeg,eastern-cape-matatiele.ics,JJ4hGn,bZDi8Y,,,
xDZaAq,eastern-cape-mbizana.ics,JJ4hGn,bZDi8Y,,,
8DafNK,eastern-cape-middelburg.ics,JJ4hGn,bZDi8Y,,,
aPxVGz,eastern-cape-molteno.ics,JJ4hGn,bZDi8Y,,,
zhZcob,eastern-cape-mthatha.ics,JJ4hGn,bZDi8Y,,,
s7PQ2N,eastern-cape-oviston.ics,JJ4hGn,bZDi8Y,,,
XNHYCt,eastern-cape-peddie.ics,JJ4hGn,bZDi8Y,,,
NrTGPs,eastern-cape-portalfred.ics,JJ4hGn,bZDi8Y,,,
sMBz8U,eastern-cape-queenstown.ics,JJ4hGn,bZDi8Y,,,
Thyvfz,eastern-cape-sommerseteast.ics,JJ4hGn,bZDi8Y,,,
y3kKkR,eastern-cape-sterkskroon.ics,JJ4hGn,bZDi8Y,,,
uHrWnv,eastern-cape-steytlertville.ics,JJ4hGn,bZDi8Y,,,
LwvCMd,eastern-cape-stfrancisbay.ics,JJ4hGn,bZDi8Y,,,
kGqjW6,eastern-cape-stutterheim.ics,JJ4hGn,bZDi8Y,,,
D54VHD,eastern-cape-tarkastad.ics,JJ4hGn,bZDi8Y,,,
TpSFdJ,eastern-cape-teebus.ics,JJ4hGn,bZDi8Y,,,
aJTJpU,eastern-cape-ugie.ics,JJ4hGn,bZDi8Y,,,
Gwpvto,eastern-cape-umtata.ics,JJ4hGn,bZDi8Y,,,
wRBLFv,eastern-cape-venterstad.ics,JJ4hGn,bZDi8Y,,,
c5CMxS,eastern-cape-willowmore.ics,JJ4hGn,bZDi8Y,,,
ASypJ4,free-state-allanridge.ics,tniJpB,bZDi8Y,,,
v5eEQM,free-state-bethlehem.ics,tniJpB,bZDi8Y,,,
x2RC4d,free-state-bethulie.ics,tniJpB,bZDi8Y,,,
7RomZi,free-state-boshof.ics,tniJpB,bZDi8Y,,,
osbq4z,free-state-bothaville.ics,tniJpB,bZDi8Y,,,
fuiSNs,free-state-brandfort.ics,tniJpB,bZDi8Y,,,
ehWZL3,free-state-bultfontein.ics,tniJpB,bZDi8Y,,,
Gtqrqm,free-state-clocolan.ics,tniJpB,bZDi8Y,,,
rQbaMR,free-state-cornelia.ics,tniJpB,bZDi8Y,,,
6HLExy,free-state-dealesville.ics,tniJpB,bZDi8Y,,,
5yZDJK,free-state-deneysville.ics,tniJpB,bZDi8Y,,,
h2uqtR,free-state-dewetsdorp.ics,tniJpB,bZDi8Y,,,
mCNKLj,free-state-edenburg.ics,tniJpB,bZDi8Y,,,
hqCoWe,free-state-edenville.ics,tniJpB,bZDi8Y,,,
gSf7Ry,free-state-ek-ondv-van-alice.ics,tniJpB,bZDi8Y,,,
duK593,free-state-excelsior.ics,tniJpB,bZDi8Y,,,
hadUJN,free-state-ezenzeleni.ics,tniJpB,bZDi8Y,,,
pr37jz,free-state-fatengtshentsho.ics,tniJpB,bZDi8Y,,,
ni9ngf,free-state-fauresmigh.ics,tniJpB,bZDi8Y,,,
cPyTzK,free-state-ficksburg.ics,tniJpB,bZDi8Y,,,
pfD9Hm,free-state-flamingo.ics,tniJpB,bZDi8Y,,,
KYE8gr,free-state-fouriesburg.ics,tniJpB,bZDi8Y,,,
mrH9rX,free-state-frankfort.ics,tniJpB,bZDi8Y,,,
LS7YzA,free-state-gariep.ics,tniJpB,bZDi8Y,,,
EV3G9U,free-state-groenvoerlande.ics,tniJpB,bZDi8Y,,,
E5HxK9,free-state-harrismith.ics,tniJpB,bZDi8Y,,,
gdtJSZ,free-state-heilbron.ics,tniJpB,bZDi8Y,,,
S6nJCE,free-state-hennenman.ics,tniJpB,bZDi8Y,,,
Vdx2Gp,free-state-hertzogville.ics,tniJpB,bZDi8Y,,,
udTGRz,free-state-hoopstad.ics,tniJpB,bZDi8Y,,,
EXfRen,free-state-ipopeng.ics,tniJpB,bZDi8Y,,,
UNRmvy,free-state-jagersfontein.ics,tniJpB,bZDi8Y,,,
qKQtmP,free-state-kestell.ics,tniJpB,bZDi8Y,,,
z3SpkA,free-state-koffiefontein.ics,tniJpB,bZDi8Y,,,
t9rzuZ,free-state-koppies.ics,tniJpB,bZDi8Y,,,
5jkFwD,free-state-kroonstad.ics,tniJpB,bZDi8Y,,,
HBNqyd,free-state-ladybrand.ics,tniJpB,bZDi8Y,,,
BS7Btr,free-state-lesotho.ics,tniJpB,bZDi8Y,,,
bJs3gH,free-state-lindley.ics,tniJpB,bZDi8Y,,,
t7XZxo,free-state-luckhof.ics,tniJpB,bZDi8Y,,,
BZrqa9,free-state-marquad.ics,tniJpB,bZDi8Y,,,
Yrv3VD,free-state-matoporong.ics,tniJpB,bZDi8Y,,,
gJPbhE,free-state-naleditownship.ics,tniJpB,bZDi8Y,,,
ohvoou,free-state-ngwathemunic.ics,tniJpB,bZDi8Y,,,
aTuhtF,free-state-odendaalsrus.ics,tniJpB,bZDi8Y,,,
cek9ke,free-state-oranjeville.ics,tniJpB,bZDi8Y,,,
aA5ZGh,free-state-panorama.ics,tniJpB,bZDi8Y,,,
ktFSTr,free-state-parys.ics,tniJpB,bZDi8Y,,,
xtM7S8,free-state-paulroux.ics,tniJpB,bZDi8Y,,,
S64s5w,free-state-petrusburg.ics,tniJpB,bZDi8Y,,,
9CbmWD,free-state-petrussteyn.ics,tniJpB,bZDi8Y,,,
vLccKk,free-state-philipolis.ics,tniJpB,bZDi8Y,,,
T8Bn5v,free-state-phiritona.ics,tniJpB,bZDi8Y,,,
mLKB4Q,free-state-phutaditjhaba.ics,tniJpB,bZDi8Y,,,
dpptAA,free-state-qwa-qwa.ics,tniJpB,bZDi8Y,,,
C4Pd83,free-state-reddersburg.ics,tniJpB,bZDi8Y,,,
dBsVre,free-state-reitz.ics,tniJpB,bZDi8Y,,,
9iY4iv,free-state-riebeeckstad.ics,tniJpB,bZDi8Y,,,
Q3KMDx,free-state-rosendal.ics,tniJpB,bZDi8Y,,,
j5ShhE,free-state-rouxville.ics,tniJpB,bZDi8Y,,,
oJPneq,free-state-rweleleyathunya.ics,tniJpB,bZDi8Y,,,
2FrgnA,free-state-senekal.ics,tniJpB,bZDi8Y,,,
gXuSyn,free-state-seretse.ics,tniJpB,bZDi8Y,,,
rpZseB,free-state-smithfield.ics,tniJpB,bZDi8Y,,,
xtnRKG,free-state-springfonteintown.ics,tniJpB,bZDi8Y,,,
RnEJeV,free-state-springfonteintruck(garage).ics,tniJpB,bZDi8Y,,,
TwWC2p,free-state-steynsrus.ics,tniJpB,bZDi8Y,,,
z7oZ5f,free-state-theunissen.ics,tniJpB,bZDi8Y,,,
tcXnBt,free-state-trompsburg.ics,tniJpB,bZDi8Y,,,
HLX8gF,free-state-tsheseng.ics,tniJpB,bZDi8Y,,,
HbHJCE,free-state-tshiame.ics,tniJpB,bZDi8Y,,,
W8URgm,free-state-tweeling.ics,tniJpB,bZDi8Y,,,
ajnA3c,free-state-tweespruit.ics,tniJpB,bZDi8Y,,,
aW75hi,free-state-vaalpark.ics,tniJpB,bZDi8Y,,,
ifMant,free-state-vanstandensrus.ics,tniJpB,bZDi8Y,,,
LWas7Q,free-state-veerkerde-vlei.ics,tniJpB,bZDi8Y,,,
Aacw8R,free-state-ventersburg.ics,tniJpB,bZDi8Y,,,
zGyYDY,free-state-viljoenskroon.ics,tniJpB,bZDi8Y,,,
zdufXo,free-state-villiers.ics,tniJpB,bZDi8Y,,,
Zr3RfS,free-state-virginianorth.ics,tniJpB,bZDi8Y,,,
3vVkkL,free-state-virginiatown.ics,tniJpB,bZDi8Y,,,
rhCsqk,free-state-vredefort.ics,tniJpB,bZDi8Y,,,
FLTw73,free-state-w.ics,tniJpB,bZDi8Y,,,
NnvyM5,free-state-warden.ics,tniJpB,bZDi8Y,,,
y47MmD,free-state-welkombulk.ics,tniJpB,bZDi8Y,,,
XxdjK2,free-state-welkomtown.ics,tniJpB,bZDi8Y,,,
AQ4mBh,free-state-wepener.ics,tniJpB,bZDi8Y,,,
rH9HvW,free-state-wesselsbron.ics,tniJpB,bZDi8Y,,,
d9ky4D,free-state-winburg.ics,tniJpB,bZDi8Y,,,
kXwMnX,free-state-witsiekhoek.ics,tniJpB,bZDi8Y,,,
hKSaqe,free-state-zamdela.ics,tniJpB,bZDi8Y,,,
ZpC2D3,free-state-zastron.ics,tniJpB,bZDi8Y,,,
ZD8L8a,gauteng-ekurhuleni-block-1.ics,4f3MdU,jMMTmj,,,
ZWw4Gb,gauteng-ekurhuleni-block-2.ics,4f3MdU,jMMTmj,,,
NxyVRN,gauteng-ekurhuleni-block-3.ics,4f3MdU,jMMTmj,,,
ASgrEZ,gauteng-ekurhuleni-block-4.ics,4f3MdU,jMMTmj,,,
qGTKc7,gauteng-ekurhuleni-block-5.ics,4f3MdU,jMMTmj,,,
zL8sDo,gauteng-ekurhuleni-block-6.ics,4f3MdU,jMMTmj,,,
HvZBrR,gauteng-ekurhuleni-block-7.ics,4f3MdU,jMMTmj,,,
Tngcj7,gauteng-ekurhuleni-block-8.ics,4f3MdU,jMMTmj,,,
y8TqEF,gauteng-ekurhuleni-block-9.ics,4f3MdU,jMMTmj,,,
KaYpQT,gauteng-ekurhuleni-block-10.ics,4f3MdU,jMMTmj,,,
Q5UYPt,gauteng-ekurhuleni-block-11.ics,4f3MdU,jMMTmj,,,
zg6AvT,gauteng-ekurhuleni-block-12.ics,4f3MdU,jMMTmj,,,
ZpuDbm,gauteng-ekurhuleni-block-13.ics,4f3MdU,jMMTmj,,,
esVums,gauteng-ekurhuleni-block-14.ics,4f3MdU,jMMTmj,,,
tAncaH,gauteng-ekurhuleni-block-15.ics,4f3MdU,jMMTmj,,,
PZsGTV,gauteng-ekurhuleni-block-16.ics,4f3MdU,jMMTmj,,,
XNVVge,gauteng-emfuleni-area-a1.ics,CcsBGk,YxBnrG,,,
fBLxLq,gauteng-emfuleni-area-a2.ics,CcsBGk,YxBnrG,,,
eUsnUE,gauteng-emfuleni-area-a3.ics,CcsBGk,YxBnrG,,,
iMLkJt,gauteng-emfuleni-area-a4.ics,CcsBGk,YxBnrG,,,
6nUDsZ,gauteng-emfuleni-area-a5.ics,CcsBGk,YxBnrG,,,
5txfPH,gauteng-emfuleni-area-a6.ics,CcsBGk,YxBnrG,,,
h67u9e,gauteng-emfuleni-area-a7.ics,CcsBGk,YxBnrG,,,
8yxAJf,gauteng-emfuleni-area-a8.ics,CcsBGk,YxBnrG,,,
6mhinT,gauteng-emfuleni-area-a9.ics,CcsBGk,YxBnrG,,,
pccSfu,gauteng-emfuleni-area-a10.ics,CcsBGk,YxBnrG,,,
MX5zxj,gauteng-emfuleni-area-a11.ics,CcsBGk,YxBnrG,,,
VjgiBp,gauteng-emfuleni-area-a12.ics,CcsBGk,YxBnrG,,,
vdVPjk,gauteng-emfuleni-area-a13.ics,CcsBGk,YxBnrG,,,
c3ojeV,gauteng-emfuleni-area-a14.ics,CcsBGk,YxBnrG,,,
pMSJSK,gauteng-emfuleni-area-a15.ics,CcsBGk,YxBnrG,,,
eyB88F,gauteng-emfuleni-area-a17.ics,CcsBGk,YxBnrG,,,
mi4wir,gauteng-emfuleni-area-a18.ics,CcsBGk,YxBnrG,,,
FMRdRk,gauteng-emfuleni-area-a19.ics,CcsBGk,YxBnrG,,,
R6Rxku,gauteng-emfuleni-area-a20.ics,CcsBGk,YxBnrG,,,
h9pyss,gauteng-emfuleni-area-a21.ics,CcsBGk,YxBnrG,,,
QuL6Ev,gauteng-emfuleni-area-a22.ics,CcsBGk,YxBnrG,,,
AMpoDB,gauteng-emfuleni-area-a23.ics,CcsBGk,YxBnrG,,,
sJjths,gauteng-tshwane-group-1.ics,WzJNWQ,pmt6cr,,,
LpXFkS,gauteng-tshwane-group-10.ics,WzJNWQ,pmt6cr,,,
rYU9BK,gauteng-tshwane-group-11.ics,WzJNWQ,pmt6cr,,,
MXJF5n,gauteng-tshwane-group-12.ics,WzJNWQ,pmt6cr,,,
p4JiVN,gauteng-tshwane-group-13.ics,WzJNWQ,pmt6cr,,,
LAFNTn,gauteng-tshwane-group-14.ics,WzJNWQ,pmt6cr,,,
X5mJ2r,gauteng-tshwane-group-15.ics,WzJNWQ,pmt6cr,,,
ZwfwPa,gauteng-tshwane-group-16.ics,WzJNWQ,pmt6cr,,,
ZqGGsV,gauteng-tshwane-group-2.ics,WzJNWQ,pmt6cr,,,
Lmc7mJ,gauteng-tshwane-group-3.ics,WzJNWQ,pmt6cr,,,
pDDmjA,gauteng-tshwane-group-4.ics,WzJNWQ,pmt6cr,,,
Zs2uzG,gauteng-tshwane-group-5.ics,WzJNWQ,pmt6cr,,,
gbxyXy,gauteng-tshwane-group-6.ics,WzJNWQ,pmt6cr,,,
xSwmqz,gauteng-tshwane-group-7.ics,WzJNWQ,pmt6cr,,,
guCPrb,gauteng-tshwane-group-8.ics,WzJNWQ,pmt6cr,,,
M6Vjt9,gauteng-tshwane-group-9.ics,WzJNWQ,pmt6cr,,,
4sGoBz,kwazulu-natal-ballito.ics,U4wueM,bZDi8Y,,,
dXfwg7,kwazulu-natal-dundee.ics,U4wueM,bZDi8Y,,,
9oHWd9,kwazulu-natal-eshowe.ics,U4wueM,bZDi8Y,,,
n3GKEj,kwazulu-natal-fleetwood.ics,U4wueM,bZDi8Y,,,
DUeXA9,kwazulu-natal-glencoe.ics,U4wueM,bZDi8Y,,,
t9nbk6,kwazulu-natal-greytown.ics,U4wueM,bZDi8Y,,,
rmC52r,kwazulu-natal-harding.ics,U4wueM,bZDi8Y,,,
ddbZ9S,kwazulu-natal-howick.ics,U4wueM,bZDi8Y,,,
a447bt,kwazulu-natal-kodstad.ics,U4wueM,bZDi8Y,,,
yUgFyW,kwazulu-natal-mandeni.ics,U4wueM,bZDi8Y,,,
TtvD9D,kwazulu-natal-mpofana.ics,U4wueM,bZDi8Y,,,
or7MoC,kwazulu-natal-mpomphomeni.ics,U4wueM,bZDi8Y,,,
UmPEW9,kwazulu-natal-mthonjaneni.ics,U4wueM,bZDi8Y,,,
8ATPLY,kwazulu-natal-newcastle.ics,U4wueM,bZDi8Y,,,
7oo8jT,kwazulu-natal-northern.ics,U4wueM,bZDi8Y,,,
NRPtjJ,kwazulu-natal-nquthu.ics,U4wueM,bZDi8Y,,,
4bvwGv,kwazulu-natal-paulpietersburg.ics,U4wueM,bZDi8Y,,,
iBnrt4,kwazulu-natal-raynkonyeni.ics,U4wueM,bZDi8Y,,,
tVn3Dj,kwazulu-natal-southern.ics,U4wueM,bZDi8Y,,,
jxH4A7,kwazulu-natal-stanger.ics,U4wueM,bZDi8Y,,,
kJqQXo,kwazulu-natal-ulundi.ics,U4wueM,bZDi8Y,,,
jBdDPc,kwazulu-natal-umvoti.ics,U4wueM,bZDi8Y,,,
XZX3Kj,kwazulu-natal-uphongolo.ics,U4wueM,bZDi8Y,,,
BcHXHM,kwazulu-natal-utrecht.ics,U4wueM,bZDi8Y,,,
boZkDX,limpopo-addney.ics,4WroYG,bZDi8Y,,,
uNEUfS,limpopo-alldays-dorp.ics,4WroYG,bZDi8Y,,,
KycV2q,limpopo-arrie.ics,4WroYG,bZDi8Y,,,
TSEdYY,limpopo-bayswater.ics,4WroYG,bZDi8Y,,,
tBE3NY,limpopo-belabelatown.ics,4WroYG,bZDi8Y,,,
j3KNEC,limpopo-diepsloot.ics,4WroYG,bZDi8Y,,,
YrpC6H,limpopo-esoringa.ics,4WroYG,bZDi8Y,,,
zjE7RE,limpopo-genoa.ics,4WroYG,bZDi8Y,,,
C9pihx,limpopo-gideon.ics,4WroYG,bZDi8Y,,,
NumNjK,limpopo-goedetrou.ics,4WroYG,bZDi8Y,,,
tF9vj5,limpopo-grobblersdaltown.ics,4WroYG,bZDi8Y,,,
UUrPDZ,limpopo-innes.ics,4WroYG,bZDi8Y,,,
RgktuE,limpopo-kgapane(duiwelskloof)_town.ics,4WroYG,bZDi8Y,,,
kz2pGn,limpopo-kgatla.ics,4WroYG,bZDi8Y,,,
ht8nSa,limpopo-lephalale(ellisras)_town.ics,4WroYG,bZDi8Y,,,
2mTcA2,limpopo-lesedingtownship.ics,4WroYG,bZDi8Y,,,
8jukKD,limpopo-magari.ics,4WroYG,bZDi8Y,,,
JcQNa3,limpopo-makhado(louis_trichardt)_town.ics,4WroYG,bZDi8Y,,,
ETxFTo,limpopo-marblehalltown.ics,4WroYG,bZDi8Y,,,
ouuDqe,limpopo-modimollenystroomtown.ics,4WroYG,bZDi8Y,,,
6A7zoB,limpopo-mohwadi(dendron)_town.ics,4WroYG,bZDi8Y,,,
Zn5ui6,limpopo-mokhurumela.ics,4WroYG,bZDi8Y,,,
8DmZLY,limpopo-mokopane(potgieterus)town.ics,4WroYG,bZDi8Y,,,
DPMsyU,limpopo-montz.ics,4WroYG,bZDi8Y,,,
SWbTKx,limpopo-mookgophong(naboomspruit).ics,4WroYG,bZDi8Y,,,
zzvRq6,limpopo-mosehleng.ics,4WroYG,bZDi8Y,,,
49txDL,limpopo-musinatown.ics,4WroYG,bZDi8Y,,,
suRnUA,limpopo-nancefieldtownship.ics,4WroYG,bZDi8Y,,,
2BRC6b,limpopo-normandy.ics,4WroYG,bZDi8Y,,,
2aL7L2,limpopo-phagamengtownship.ics,4WroYG,bZDi8Y,,,
AdZ7xp,limpopo-phalaborwatown.ics,4WroYG,bZDi8Y,,,
C8k3rQ,limpopo-rooiberg.ics,4WroYG,bZDi8Y,,,
aqienA,limpopo-simson.ics,4WroYG,bZDi8Y,,,
j4c8Uh,limpopo-swart.ics,4WroYG,bZDi8Y,,,
jYy35x,limpopo-sweethome.ics,4WroYG,bZDi8Y,,,
TGG7Ln,limpopo-thabazimbitown.ics,4WroYG,bZDi8Y,,,
H8aBBa,limpopo-thegrench.ics,4WroYG,bZDi8Y,,,
3NZh2k,limpopo-vaalwatertown.ics,4WroYG,bZDi8Y,,,
LSaTaU,limpopo-witten.ics,4WroYG,bZDi8Y,,,
qMXmi7,mpumalanga-aerorand.ics,8UfZNp,bZDi8Y,,,
9RMKuo,mpumalanga-barberton.ics,8UfZNp,bZDi8Y,,,
kgacdk,mpumalanga-bethal.ics,8UfZNp,bZDi8Y,,,
Kvt9cB,mpumalanga-buffelspruit.ics,8UfZNp,bZDi8Y,,,
2ZH5h2,mpumalanga-camcoll.ics,8UfZNp,bZDi8Y,,,
5xvad3,mpumalanga-clever.ics,8UfZNp,bZDi8Y,,,
TDNCAr,mpumalanga-cohen.ics,8UfZNp,bZDi8Y,,,
v9NxCU,mpumalanga-cologne.ics,8UfZNp,bZDi8Y,,,
XthCVb,mpumalanga-delta.ics,8UfZNp,bZDi8Y,,,
DcHULV,mpumalanga-doornpoort.ics,8UfZNp,bZDi8Y,,,
akeif8,mpumalanga-dryden-rural.ics,8UfZNp,bZDi8Y,,,
2T5Rc7,mpumalanga-ermelo.ics,8UfZNp,bZDi8Y,,,
EBC7sv,mpumalanga-estancia.ics,8UfZNp,bZDi8Y,,,
YXWpQR,mpumalanga-figtree.ics,8UfZNp,bZDi8Y,,,
6nHNuF,mpumalanga-greyslingstad.ics,8UfZNp,bZDi8Y,,,
wQApmX,mpumalanga-highlands.ics,8UfZNp,bZDi8Y,,,
sdquSD,mpumalanga-jerusalem.ics,8UfZNp,bZDi8Y,,,
YGjiJc,mpumalanga-kabokweni.ics,8UfZNp,bZDi8Y,,,
nywZPm,mpumalanga-kanyamazani.ics,8UfZNp,bZDi8Y,,,
w3z2yG,mpumalanga-kemp.ics,8UfZNp,bZDi8Y,,,
YsXK4z,mpumalanga-kiepersol.ics,8UfZNp,bZDi8Y,,,
Jj2j3T,mpumalanga-klipspringer.ics,8UfZNp,bZDi8Y,,,
sBizND,mpumalanga-komatipoort.ics,8UfZNp,bZDi8Y,,,
CDoheg,mpumalanga-koorsboom.ics,8UfZNp,bZDi8Y,,,
TBUPpu,mpumalanga-kwa-guqa.ics,8UfZNp,bZDi8Y,,,
2NUBt4,mpumalanga-louwscreek.ics,8UfZNp,bZDi8Y,,,
BXfLRs,mpumalanga-lyndenburg.ics,8UfZNp,bZDi8Y,,,
7qzjZi,mpumalanga-malelane.ics,8UfZNp,bZDi8Y,,,
YffyTu,mpumalanga-marathon.ics,8UfZNp,bZDi8Y,,,
92yG4o,mpumalanga-mataffin_sub.ics,8UfZNp,bZDi8Y,,,
AWCiGi,mpumalanga-middelburg.ics,8UfZNp,bZDi8Y,,,
CJYdQY,mpumalanga-nelsriver_sub.ics,8UfZNp,bZDi8Y,,,
oshhEs,mpumalanga-nkomazi.ics,8UfZNp,bZDi8Y,,,
eYnxzM,mpumalanga-ogies.ics,8UfZNp,bZDi8Y,,,
2YhGJi,mpumalanga-piet-retief.ics,8UfZNp,bZDi8Y,,,
rPPmUS,mpumalanga-sappi.ics,8UfZNp,bZDi8Y,,,
EKv8H6,mpumalanga-secunda.ics,8UfZNp,bZDi8Y,,,
4hec4N,mpumalanga-sol.ics,8UfZNp,bZDi8Y,,,
okjEvi,mpumalanga-standerton.ics,8UfZNp,bZDi8Y,,,
jrzQv2,mpumalanga-sundra.ics,8UfZNp,bZDi8Y,,,
r8cByn,mpumalanga-usuthu-west.ics,8UfZNp,bZDi8Y,,,
Ce5kmD,mpumalanga-vukuzakhe.ics,8UfZNp,bZDi8Y,,,
sDhSJs,mpumalanga-whiteriver.ics,8UfZNp,bZDi8Y,,,
rxKUo7,mpumalanga-wildebees.ics,8UfZNp,bZDi8Y,,,
4BKg2z,mpumalanga-witbank_ds.ics,8UfZNp,bZDi8Y,,,
fAzFHC,north-west-boikhutso.ics,SxsK82,bZDi8Y,,,
FJ3XHS,north-west-coligny.ics,SxsK82,bZDi8Y,,,
rMRLP9,north-west-delareyville.ics,SxsK82,bZDi8Y,,,
DqpLhm,north-west-gumtrees.ics,SxsK82,bZDi8Y,,,
SwxqK9,north-west-hartebeesfontein.ics,SxsK82,bZDi8Y,,,
VJbkcc,north-west-jouberton.ics,SxsK82,bZDi8Y,,,
5KdxDj,north-west-klerksdorpmunic.ics,SxsK82,bZDi8Y,,,
ZWTjHp,north-west-klerksdorpnorth.ics,SxsK82,bZDi8Y,,,
FnarNw,north-west-klerksdorpwest.ics,SxsK82,bZDi8Y,,,
ynHnsh,north-west-koster.ics,SxsK82,bZDi8Y,,,
PRiKU8,north-west-leeudoringstad.ics,SxsK82,bZDi8Y,,,
Q2kVj4,north-west-lichtenburg.ics,SxsK82,bZDi8Y,,,
VuFUHK,north-west-orkneymunic.ics,SxsK82,bZDi8Y,,,
NFzYf3,north-west-ottosdal.ics,SxsK82,bZDi8Y,,,
YGup2p,north-west-potchefstroom.ics,SxsK82,bZDi8Y,,,
kyXaxg,north-west-sannieshof.ics,SxsK82,bZDi8Y,,,
fY7enA,north-west-schweizer-reneke.ics,SxsK82,bZDi8Y,,,
hJHy9F,north-west-stillfontein.ics,SxsK82,bZDi8Y,,,
XV3cVu,north-west-swartruggens.ics,SxsK82,bZDi8Y,,,
DVJZsB,north-west-ventersdorp.ics,SxsK82,bZDi8Y,,,
oSmTZp,north-west-vryburg.ics,SxsK82,bZDi8Y,,,
24rj6i,north-west-waterworkspoints.ics,SxsK82,bZDi8Y,,,
oYvWbu,north-west-wolmaranstad.ics,SxsK82,bZDi8Y,,,
towKFs,north-west-woodhouse.ics,SxsK82,bZDi8Y,,,
ymCwNr,north-west-zeerust.ics,SxsK82,bZDi8Y,,,
DoJ5CE,northern-cape-alexanderbay.ics,eScitF,bZDi8Y,,,
ztYjTr,northern-cape-augrabies.ics,eScitF,bZDi8Y,,,
arxbZi,northern-cape-backlywest.ics,eScitF,bZDi8Y,,,
YkwG5d,northern-cape-bitterfontein.ics,eScitF,bZDi8Y,,,
Q5EzGD,northern-cape-brandvlei.ics,eScitF,bZDi8Y,,,
eV4nKz,northern-cape-britstown.ics,eScitF,bZDi8Y,,,
LM5s7B,northern-cape-calvinia.ics,eScitF,bZDi8Y,,,
vJkdY6,northern-cape-carnarvon.ics,eScitF,bZDi8Y,,,
94wYNf,northern-cape-christiana.ics,eScitF,bZDi8Y,,,
uM6tLg,northern-cape-colesberg.ics,eScitF,bZDi8Y,,,
CsKxBh,northern-cape-danielskuil.ics,eScitF,bZDi8Y,,,
65ETLR,northern-cape-de-aar.ics,eScitF,bZDi8Y,,,
8wfEr8,northern-cape-deben.ics,eScitF,bZDi8Y,,,
nqwwUu,northern-cape-delsportshoop.ics,eScitF,bZDi8Y,,,
n5nBNu,northern-cape-dingleton.ics,eScitF,bZDi8Y,,,
aLdG8g,northern-cape-douglas.ics,eScitF,bZDi8Y,,,
DfJoqS,northern-cape-fraserburg.ics,eScitF,bZDi8Y,,,
S7x89F,northern-cape-goodhouse.ics,eScitF,bZDi8Y,,,
Ndir9u,northern-cape-groblershoop.ics,eScitF,bZDi8Y,,,
RGG8Sn,northern-cape-hanover.ics,eScitF,bZDi8Y,,,
6T46Ar,northern-cape-hopetown.ics,eScitF,bZDi8Y,,,
avJkFf,northern-cape-jankempdorp.ics,eScitF,bZDi8Y,,,
ESTyEC,northern-cape-kakamas.ics,eScitF,bZDi8Y,,,
LUUzyA,northern-cape-kamieskroon.ics,eScitF,bZDi8Y,,,
gh2bxE,northern-cape-kathu.ics,eScitF,bZDi8Y,,,
nnqtwL,northern-cape-keimoes.ics,eScitF,bZDi8Y,,,
hQnBWw,northern-cape-kenhardt.ics,eScitF,bZDi8Y,,,
C4Bk8h,northern-cape-koekenaap.ics,eScitF,bZDi8Y,,,
jFBDhX,northern-cape-kuruman.ics,eScitF,bZDi8Y,,,
aSpDaj,northern-cape-loeriesfontein.ics,eScitF,bZDi8Y,,,
TViKeD,northern-cape-loxton.ics,eScitF,bZDi8Y,,,
LZHCm9,northern-cape-lutzville.ics,eScitF,bZDi8Y,,,
yKuJrK,northern-cape-merweville.ics,eScitF,bZDi8Y,,,
yJ8n8d,northern-cape-nelspoort.ics,eScitF,bZDi8Y,,,
n3ZUad,northern-cape-nieuwoudtville.ics,eScitF,bZDi8Y,,,
MUekeh,northern-cape-norvalspont.ics,eScitF,bZDi8Y,,,
rUjREn,northern-cape-noupoort.ics,eScitF,bZDi8Y,,,
qkF8dR,northern-cape-okiep.ics,eScitF,bZDi8Y,,,
daVDcz,northern-cape-oliefantshoek.ics,eScitF,bZDi8Y,,,
CR9pSz,northern-cape-petrusville.ics,eScitF,bZDi8Y,,,
QyVBd8,northern-cape-phillipstown.ics,eScitF,bZDi8Y,,,
Pj3B5c,northern-cape-port-nolloth.ics,eScitF,bZDi8Y,,,
rKyaqh,northern-cape-potsmasburgindustry.ics,eScitF,bZDi8Y,,,
KiR6eX,northern-cape-potsmasburgtown.ics,eScitF,bZDi8Y,,,
4J6WEH,northern-cape-prieska.ics,eScitF,bZDi8Y,,,
nE96pN,northern-cape-richmond.ics,eScitF,bZDi8Y,,,
iwE6M9,northern-cape-rietpoort.ics,eScitF,bZDi8Y,,,
KAyMRX,northern-cape-springbok.ics,eScitF,bZDi8Y,,,
wVU9e3,northern-cape-steinkopf.ics,eScitF,bZDi8Y,,,
UgfkLd,northern-cape-upington.ics,eScitF,bZDi8Y,,,
2nUxhr,northern-cape-vanderkloof.ics,eScitF,bZDi8Y,,,
rDV6Zb,northern-cape-vanwyskvlei.ics,eScitF,bZDi8Y,,,
uX88XV,northern-cape-victoriawest.ics,eScitF,bZDi8Y,,,
RmTtia,northern-cape-vioolsdrift.ics,eScitF,bZDi8Y,,,
MSYYvP,northern-cape-vosburg.ics,eScitF,bZDi8Y,,,
9pckAy,northern-cape-warrenton.ics,eScitF,bZDi8Y,,,
W5irWL,northern-cape-willinston.ics,eScitF,bZDi8Y,,,
kXwfkW,western-cape-albertinia.ics,pgmTpk,bZDi8Y,,,
qRtak5,western-cape-arniston.ics,pgmTpk,bZDi8Y,,,
EWceGn,western-cape-ashton.ics,pgmTpk,bZDi8Y,,,
jWi2WP,western-cape-barrydale.ics,pgmTpk,bZDi8Y,,,
wbmF7z,western-cape-beaufort-west.ics,pgmTpk,bZDi8Y,,,
JGjkR9,western-cape-betties-bay.ics,pgmTpk,bZDi8Y,,,
3fY4Si,western-cape-bonnievale.ics,pgmTpk,bZDi8Y,,,
acWK3u,western-cape-botrivier.ics,pgmTpk,bZDi8Y,,,
VddEsn,western-cape-bredasdorp.ics,pgmTpk,bZDi8Y,,,
YMnzry,western-cape-caledon.ics,pgmTpk,bZDi8Y,,,
RUHh6k,western-cape-calitzdorp.ics,pgmTpk,bZDi8Y,,,
MyzcUd,western-cape-ceres.ics,pgmTpk,bZDi8Y,,,
udsTvc,western-cape-citrusdal.ics,pgmTpk,bZDi8Y,,,
tYfuwi,western-cape-clanwilliam.ics,pgmTpk,bZDi8Y,,,
mAk5Sh,western-cape-darling.ics,pgmTpk,bZDi8Y,,,
GHartz,western-cape-de-doorns.ics,pgmTpk,bZDi8Y,,,
eC5zJV,western-cape-derust.ics,pgmTpk,bZDi8Y,,,
ThHggj,western-cape-dysselsdorp.ics,pgmTpk,bZDi8Y,,,
oUVuce,western-cape-elandsbaai.ics,pgmTpk,bZDi8Y,,,
zoTMRv,western-cape-franschoek.ics,pgmTpk,bZDi8Y,,,
pknSYV,western-cape-gansbaai.ics,pgmTpk,bZDi8Y,,,
DAjYbb,western-cape-genadendal.ics,pgmTpk,bZDi8Y,,,
FPv8YV,western-cape-george.ics,pgmTpk,bZDi8Y,,,
N39BZ3,western-cape-glentana.ics,pgmTpk,bZDi8Y,,,
odzRWC,western-cape-goedverwacht.ics,pgmTpk,bZDi8Y,,,
GzAk5m,western-cape-gouda.ics,pgmTpk,bZDi8Y,,,
qk4wyQ,western-cape-graaf-water.ics,pgmTpk,bZDi8Y,,,
9sX6rj,western-cape-grabouw.ics,pgmTpk,bZDi8Y,,,
XHwZR9,western-cape-greyton.ics,pgmTpk,bZDi8Y,,,
wXqrGb,western-cape-grootbrak.ics,pgmTpk,bZDi8Y,,,
nJcBb5,western-cape-hawston.ics,pgmTpk,bZDi8Y,,,
3k8MH5,western-cape-heidelburg.ics,pgmTpk,bZDi8Y,,,
pWDfFc,western-cape-herbetsdal.ics,pgmTpk,bZDi8Y,,,
Jv2sNi,western-cape-hermanus.ics,pgmTpk,bZDi8Y,,,
AhxoaR,western-cape-hopeful.ics,pgmTpk,bZDi8Y,,,
5VLyZV,western-cape-infanta.ics,pgmTpk,bZDi8Y,,,
e3DKgW,western-cape-klawer.ics,pgmTpk,bZDi8Y,,,
PBb4Lm,western-cape-kleinbrak.ics,pgmTpk,bZDi8Y,,,
6Qd9dw,western-cape-kleinmond.ics,pgmTpk,bZDi8Y,,,
3ZzKKT,western-cape-klipdale.ics,pgmTpk,bZDi8Y,,,
bZob5p,western-cape-knysna.ics,pgmTpk,bZDi8Y,,,
fPn3CY,western-cape-ladismith.ics,pgmTpk,bZDi8Y,,,
rfR2wy,western-cape-laingsburg.ics,pgmTpk,bZDi8Y,,,
ut2nBF,western-cape-lambertsbaai.ics,pgmTpk,bZDi8Y,,,
XJfQDq,western-cape-langebaan.ics,pgmTpk,bZDi8Y,,,
MTG3nb,western-cape-lutzville.ics,pgmTpk,bZDi8Y,,,
fica9D,western-cape-malgas.ics,pgmTpk,bZDi8Y,,,
LLxEuZ,western-cape-malmesbury.ics,pgmTpk,bZDi8Y,,,
YEa5SF,western-cape-mcgregor.ics,pgmTpk,bZDi8Y,,,
VEsLfc,western-cape-montagu.ics,pgmTpk,bZDi8Y,,,
GDRFgb,western-cape-moorreesbury.ics,pgmTpk,bZDi8Y,,,
xzJBs2,western-cape-mossel-bay.ics,pgmTpk,bZDi8Y,,,
U2gn9T,western-cape-napier.ics,pgmTpk,bZDi8Y,,,
4mwjUJ,western-cape-noree.ics,pgmTpk,bZDi8Y,,,
GmeoGs,western-cape-oudtshoorn.ics,pgmTpk,bZDi8Y,,,
twqggT,western-cape-paternoster.ics,pgmTpk,bZDi8Y,,,
6CgMFT,western-cape-piketberg.ics,pgmTpk,bZDi8Y,,,
PAmJ3Z,western-cape-plettenberg-bay.ics,pgmTpk,bZDi8Y,,,
93923F,western-cape-porterville.ics,pgmTpk,bZDi8Y,,,
s8VrLC,western-cape-princealberttown.ics,pgmTpk,bZDi8Y,,,
Kjhw7n,western-cape-pringle-bay.ics,pgmTpk,bZDi8Y,,,
gpMQFL,western-cape-protem.ics,pgmTpk,bZDi8Y,,,
DcW3cn,western-cape-rheenendal.ics,pgmTpk,bZDi8Y,,,
tCfoHk,western-cape-riebeeck-kasteel.ics,pgmTpk,bZDi8Y,,,
cBQFM4,western-cape-riebeeck-west.ics,pgmTpk,bZDi8Y,,,
fb2RLq,western-cape-riversdale.ics,pgmTpk,bZDi8Y,,,
jF9WXR,western-cape-riviersonderend.ics,pgmTpk,bZDi8Y,,,
5VzTs8,western-cape-robertson.ics,pgmTpk,bZDi8Y,,,
cEM75S,western-cape-saldanahbay.ics,pgmTpk,bZDi8Y,,,
RxFnYJ,western-cape-stanford.ics,pgmTpk,bZDi8Y,,,
Ut4XA8,western-cape-stellenbosch.ics,pgmTpk,bZDi8Y,,,
WwemWE,western-cape-sthelenabay.ics,pgmTpk,bZDi8Y,,,
HJ9cYW,western-cape-stompeus-bay.ics,pgmTpk,bZDi8Y,,,
6twJq8,western-cape-struisbaai.ics,pgmTpk,bZDi8Y,,,
F9GXmJ,western-cape-sutherland.ics,pgmTpk,bZDi8Y,,,
56JbfL,western-cape-suurbraak.ics,pgmTpk,bZDi8Y,,,
3x9fmD,western-cape-swellendam.ics,pgmTpk,bZDi8Y,,,
MWTS9e,western-cape-tesselaarsdal.ics,pgmTpk,bZDi8Y,,,
yZMijL,western-cape-till-bay.ics,pgmTpk,bZDi8Y,,,
zMiket,western-cape-touwsrivier.ics,pgmTpk,bZDi8Y,,,
iCeSuF,western-cape-tulbagh.ics,pgmTpk,bZDi8Y,,,
mq8LsG,western-cape-van-rhynsdorp.ics,pgmTpk,bZDi8Y,,,
nTyhgM,western-cape-vanwyksdorp.ics,pgmTpk,bZDi8Y,,,
LLbqZr,western-cape-velddrift.ics,pgmTpk,bZDi8Y,,,
jaodjZ,western-cape-villiersdorp.ics,pgmTpk,bZDi8Y,,,
oDrf4i,western-cape-vleesbaai.ics,pgmTpk,bZDi8Y,,,
74MaeQ,western-cape-vredenburg.ics,pgmTpk,bZDi8Y,,,
PoZ8x8,western-cape-vredendal.ics,pgmTpk,bZDi8Y,,,
CLy4S7,western-cape-wellington.ics,pgmTpk,bZDi8Y,,,
Lh32M6,western-cape-witsand.ics,pgmTpk,bZDi8Y,,,
hVrW6k,western-cape-wolseley.ics,pgmTpk,bZDi8Y,,,
y9hgGB,western-cape-worscester.ics,pgmTpk,bZDi8Y,,,
WrLYeE,western-cape-yzerfontein.ics,pgmTpk,bZDi8Y,,,
vTc3FX,western-cape-zoar.ics,pgmTpk,bZDi8Y,,,
Hdx5EQ,eskom.ics,Yng4qm,Yng4qm,,,
XxaYWp,city-of-cape-town.ics,5tboHg,5tboHg,,,
AgRsjn,buffalo-city-block-1.ics,z4jTpp,QmxBaH,,,
RWihAD,buffalo-city-block-2.ics,z4jTpp,QmxBaH,,,
cEjJzS,buffalo-city-block-3.ics,z4jTpp,QmxBaH,,,
a2NUaD,buffalo-city-block-4.ics,z4jTpp,QmxBaH,,,
qkWFSz,buffalo-city-block-5.ics,z4jTpp,QmxBaH,,,
7U9Ea5,buffalo-city-block-6.ics,z4jTpp,QmxBaH,,,
WHMaTQ,buffalo-city-block-7.ics,z4jTpp,QmxBaH,,,
JjEe4W,buffalo-city-block-8.ics,z4jTpp,QmxBaH,,,
5CHtVd,buffalo-city-block-9.ics,z4jTpp,QmxBaH,,,
xb9Hsg,buffalo-city-block-10.ics,z4jTpp,QmxBaH,,,
HUrJK5,buffalo-city-block-11.ics,z4jTpp,QmxBaH,,,
ywyKqY,buffalo-city-block-12.ics,z4jTpp,QmxBaH,,,
q9ixyc,buffalo-city-block-13.ics,z4jTpp,QmxBaH,,,
wm9tYU,buffalo-city-block-14.ics,z4jTpp,QmxBaH,,,
nUwBRg,buffalo-city-block-15.ics,z4jTpp,QmxBaH,,,
Y3Xkny,buffalo-city-block-16.ics,z4jTpp,QmxBaH,,,
tpQqQJ,buffalo-city-block-17.ics,z4jTpp,QmxBaH,,,
GzSUEq,buffalo-city-block-18.ics,z4jTpp,QmxBaH,,,
923btw,buffalo-city-block-19.ics,z4jTpp,QmxBaH,,,
27LhYw,free-state-mangaung-group-1.ics,mNJShC,cGwEZw,,,
48WCtH,free-state-mangaung-group-2.ics,mNJShC,cGwEZw,,,
BsakDz,free-state-mangaung-group-3.ics,mNJShC,cGwEZw,,,
W6AkTv,free-state-mangaung-group-4.ics,mNJShC,cGwEZw,,,
J5dJfX,free-state-mangaung-group-5.ics,mNJShC,cGwEZw,,,
UxGV29,free-state-mangaung-group-6.ics,mNJShC,cGwEZw,,,
HBFGeG,kwazulu-natal-ethekwini-block-1.ics,NXa7Rz,y8HFsu,,,
nwfDzt,kwazulu-natal-ethekwini-block-2.ics,NXa7Rz,y8HFsu,,,
dBMcnL,kwazulu-natal-ethekwini-block-3.ics,NXa7Rz,y8HFsu,,,
JGyXKV,kwazulu-natal-ethekwini-block-4.ics,NXa7Rz,y8HFsu,,,
6vqEjY,kwazulu-natal-ethekwini-block-5.ics,NXa7Rz,y8HFsu,,,
4EoRR9,kwazulu-natal-ethekwini-block-6.ics,NXa7Rz,y8HFsu,,,
RmjMrc,kwazulu-natal-ethekwini-block-7.ics,NXa7Rz,y8HFsu,,,
UX2YZX,kwazulu-natal-ethekwini-block-8.ics,NXa7Rz,y8HFsu,,,
CNvufh,kwazulu-natal-ethekwini-block-9.ics,NXa7Rz,y8HFsu,,,
78DT2R,kwazulu-natal-ethekwini-block-10.ics,NXa7Rz,y8HFsu,,,
Cqe32p,kwazulu-natal-ethekwini-block-11.ics,NXa7Rz,y8HFsu,,,
ab9fTy,kwazulu-natal-ethekwini-block-12.ics,NXa7Rz,y8HFsu,,,
fRSP7r,kwazulu-natal-ethekwini-block-13.ics,NXa7Rz,y8HFsu,,,
Ai8p3V,kwazulu-natal-ethekwini-block-14.ics,NXa7Rz,y8HFsu,,,
VDHJ3H,kwazulu-natal-ethekwini-block-15.ics,NXa7Rz,y8HFsu,,,
P2oENa,kwazulu-natal-ethekwini-block-16.ics,NXa7Rz,y8HFsu,,,
iQrZNq,kwazulu-natal-ethekwini-block-1a.ics,P3bYUB,y8HFsu,,,
Wh3NAW,kwazulu-natal-ethekwini-block-1b.ics,P3bYUB,y8HFsu,,,
XPAEis,kwazulu-natal-ethekwini-block-2a.ics,P3bYUB,y8HFsu,,,
ECcKS9,kwazulu-natal-ethekwini-block-2b.ics,P3bYUB,y8HFsu,,,
LkBtnG,kwazulu-natal-ethekwini-block-3a.ics,P3bYUB,y8HFsu,,,
YrC8X7,kwazulu-natal-ethekwini-block-3b.ics,P3bYUB,y8HFsu,,,
yudqZe,kwazulu-natal-ethekwini-block-4a.ics,P3bYUB,y8HFsu,,,
QS9XBW,kwazulu-natal-ethekwini-block-4b.ics,P3bYUB,y8HFsu,,,
79evxG,kwazulu-natal-ethekwini-block-5a.ics,P3bYUB,y8HFsu,,,
VYXBGM,kwazulu-natal-ethekwini-block-5b.ics,P3bYUB,y8HFsu,,,
huAgZ2,kwazulu-natal-ethekwini-block-6a.ics,P3bYUB,y8HFsu,,,
W3skff,kwazulu-natal-ethekwini-block-6b.ics,P3bYUB,y8HFsu,,,
NUAuLV,kwazulu-natal-ethekwini-block-7a.ics,P3bYUB,y8HFsu,,,
N8pVMb,kwazulu-natal-ethekwini-block-7b.ics,P3bYUB,y8HFsu,,,
vwh4Vz,kwazulu-natal-ethekwini-block-8a.ics,P3bYUB,y8HFsu,,,
o4fMfJ,kwazulu-natal-ethekwini-block-8b.ics,P3bYUB,y8HFsu,,,
JGBAyN,kwazulu-natal-ethekwini-block-9a.ics,P3bYUB,y8HFsu,,,
Ejz4zL,kwazulu-natal-ethekwini-block-9b.ics,P3bYUB,y8HFsu,,,
DQWjPD,kwazulu-natal-ethekwini-block-10a.ics,P3bYUB,y8HFsu,,,
b3bu2Q,kwazulu-natal-ethekwini-block-10b.ics,P3bYUB,y8HFsu,,,
3oGqnD,kwazulu-natal-ethekwini-block-11a.ics,P3bYUB,y8HFsu,,,
awFFTy,kwazulu-natal-ethekwini-block-11b.ics,P3bYUB,y8HFsu,,,
tBUsrB,kwazulu-natal-ethekwini-block-12a.ics,P3bYUB,y8HFsu,,,
v5c6ED,kwazulu-natal-ethekwini-block-12b.ics,P3bYUB,y8HFsu,,,
99twuC,kwazulu-natal-ethekwini-block-13a.ics,P3bYUB,y8HFsu,,,
7aVLji,kwazulu-natal-ethekwini-block-13b.ics,P3bYUB,y8HFsu,,,
Jp7xkJ,kwazulu-natal-ethekwini-block-14a.ics,P3bYUB,y8HFsu,,,
8WKpEH,kwazulu-natal-ethekwini-block-14b.ics,P3bYUB,y8HFsu,,,
qqUBQ8,kwazulu-natal-ethekwini-block-15a.ics,P3bYUB,y8HFsu,,,
egynvc,kwazulu-natal-ethekwini-block-15b.ics,P3bYUB,y8HFsu,,,
6unFR9,kwazulu-natal-ethekwini-block-16a.ics,P3bYUB,y8HFsu,,,
W8nQY9,kwazulu-natal-ethekwini-block-16b.ics,P3bYUB,y8HFsu,,,
RgrHxU,kwazulu-natal-ethekwini-block-17.ics,P3bYUB,y8HFsu,,,
TqoSxA,kwazulu-natal-ethekwini-block-18.ics,P3bYUB,y8HFsu,,,
7bsYDU,kwazulu-natal-ethekwini-block-19.ics,P3bYUB,y8HFsu,,,
x8j78U,kwazulu-natal-ethekwini-block-20.ics,P3bYUB,y8HFsu,,,
