id,filename,sources_id,info_id,last_updated,valid_from,valid_until
eskm1e,eskom-direct-1-even,1,2,2023-01-26 11:00:02,2023-01-26 11:00:02,
eskm1o,eskom-direct-1-odd,1,2,2023-01-25 16:53:02,2023-01-25 16:53:02,
eskm2e,eskom-direct-2-even,1,2,2023-01-26 11:00:02,2023-01-26 11:00:02,
eskm2o,eskom-direct-2-odd,1,2,2023-01-25 16:53:02,2023-01-25 16:53:02,
eskm3e,eskom-direct-3-even,1,2,2023-01-26 11:00:02,2023-01-26 11:00:02,
eskm3o,eskom-direct-3-odd,1,2,2023-01-25 16:53:02,2023-01-25 16:53:02,
eskm4e,eskom-direct-4-even,1,2,2023-01-26 11:00:02,2023-01-26 11:00:02,
eskm4o,eskom-direct-4-odd,1,2,2023-01-25 16:53:02,2023-01-25 16:53:02,
eskm5e,eskom-direct-5-even,1,2,2023-01-26 11:00:02,2023-01-26 11:00:02,
eskm5o,eskom-direct-5-odd,1,2,2023-01-25 16:53:02,2023-01-25 16:53:02,
eskm6e,eskom-direct-6-even,1,2,2023-01-26 11:00:02,2023-01-26 11:00:02,
eskm6o,eskom-direct-6-odd,1,2,2023-01-25 16:53:02,2023-01-25 16:53:02,
eskm7e,eskom-direct-7-even,1,2,2023-01-26 11:00:02,2023-01-26 11:00:02,
eskm7o,eskom-direct-7-odd,1,2,2023-01-25 16:53:02,2023-01-25 16:53:02,
eskm8e,eskom-direct-8-even,1,2,2023-01-26 11:00:02,2023-01-26 11:00:02,
eskm8o,eskom-direct-8-odd,1,2,2023-01-25 16:53:02,2023-01-25 16:53:02,
eskm9e,eskom-direct-9-even,1,2,2023-01-26 11:00:02,2023-01-26 11:00:02,
eskm9o,eskom-direct-9-odd,1,2,2023-01-25 16:53:02,2023-01-25 16:53:02,
eskm10e,eskom-direct-10-even,1,2,2023-01-26 11:00:02,2023-01-26 11:00:02,
eskm10o,eskom-direct-10-odd,1,2,2023-01-25 16:53:02,2023-01-25 16:53:02,
eskm11e,eskom-direct-11-even,1,2,2023-01-26 11:00:02,2023-01-26 11:00:02,
eskm11o,eskom-direct-11-odd,1,2,2023-01-25 16:53:02,2023-01-25 16:53:02,
eskm12e,eskom-direct-12-even,1,2,2023-01-26 11:00:02,2023-01-26 11:00:02,
eskm12o,eskom-direct-12-odd,1,2,2023-01-25 16:53:02,2023-01-25 16:53:02,
eskm13e,eskom-direct-13-even,1,2,2023-01-26 11:00:02,2023-01-26 11:00:02,
eskm13o,eskom-direct-13-odd,1,2,2023-01-25 16:53:02,2023-01-25 16:53:02,
eskm14e,eskom-direct-14-even,1,2,2023-01-26 11:00:02,2023-01-26 11:00:02,
eskm14o,eskom-direct-14-odd,1,2,2023-01-25 16:53:02,2023-01-25 16:53:02,
eskm15e,eskom-direct-15-even,1,2,2023-01-26 11:00:02,2023-01-26 11:00:02,
eskm15o,eskom-direct-15-odd,1,2,2023-01-25 16:53:02,2023-01-25 16:53:02,
eskm16e,eskom-direct-16-even,1,2,2023-01-26 11:00:02,2023-01-26 11:00:02,
eskm16o,eskom-direct-16-odd,1,2,2023-01-25 16:53:02,2023-01-25 16:53:02,
cpt1,city-of-cape-town-area-1,3,4,2022-09-30 12:41:10,2022-07-16 22:01:17,
cpt10,city-of-cape-town-area-10,3,4,2022-09-30 12:41:10,2022-07-16 22:01:17,
cpt11,city-of-cape-town-area-11,3,4,2022-09-30 12:41:10,2022-07-16 22:01:17,
cpt12,city-of-cape-town-area-12,3,4,2022-09-30 12:41:10,2022-07-16 22:01:17,
cpt13,city-of-cape-town-area-13,3,4,2022-09-30 12:41:10,2022-07-16 22:01:17,
cpt14,city-of-cape-town-area-14,3,4,2022-09-30 12:41:10,2022-07-16 22:01:17,
cpt15,city-of-cape-town-area-15,3,4,2022-09-30 12:41:10,2022-07-16 22:01:17,
cpt16,city-of-cape-town-area-16,3,4,2022-09-30 12:41:10,2022-07-16 22:01:17,
cpt2,city-of-cape-town-area-2,3,4,2022-09-30 12:41:10,2022-07-16 22:01:17,
cpt3,city-of-cape-town-area-3,3,4,2022-09-30 12:41:10,2022-07-16 22:01:17,
cpt4,city-of-cape-town-area-4,3,4,2022-09-30 12:41:10,2022-07-16 22:01:17,
cpt5,city-of-cape-town-area-5,3,4,2022-09-30 12:41:10,2022-07-16 22:01:17,
cpt6,city-of-cape-town-area-6,3,4,2022-09-30 12:41:10,2022-07-16 22:01:17,
cpt7,city-of-cape-town-area-7,3,4,2022-09-30 12:41:10,2022-07-16 22:01:17,
cpt8,city-of-cape-town-area-8,3,4,2022-09-30 12:41:10,2022-07-16 22:01:17,
cpt9,city-of-cape-town-area-9,3,4,2022-09-30 12:41:10,2022-07-16 22:01:17,
cp1,city-power-1,5,6,2022-09-30 12:41:10,2022-07-22 00:23:34,
cp10,city-power-10,5,6,2022-09-30 12:41:10,2022-07-22 00:23:34,
cp11,city-power-11,5,6,2022-09-30 12:41:10,2022-07-22 00:23:34,
cp12,city-power-12,5,6,2022-09-30 12:41:10,2022-07-22 00:23:34,
cp13,city-power-13,5,6,2022-09-30 12:41:10,2022-07-22 00:23:34,
cp14,city-power-14,5,6,2022-09-30 12:41:10,2022-07-22 00:23:34,
cp15,city-power-15,5,6,2022-09-30 12:41:10,2022-07-22 00:23:34,
cp16,city-power-16,5,6,2022-09-30 12:41:10,2022-07-22 00:23:34,
cp2,city-power-2,5,6,2022-09-30 12:41:10,2022-07-22 00:23:34,
cp3,city-power-3,5,6,2022-09-30 12:41:10,2022-07-22 00:23:34,
cp4,city-power-4,5,6,2022-09-30 12:41:10,2022-07-22 00:23:34,
cp5,city-power-5,5,6,2022-09-30 12:41:10,2022-07-22 00:23:34,
cp6,city-power-6,5,6,2022-09-30 12:41:10,2022-07-22 00:23:34,
cp7,city-power-7,5,6,2022-09-30 12:41:10,2022-07-22 00:23:34,
cp8,city-power-8,5,6,2022-09-30 12:41:10,2022-07-22 00:23:34,
cp9,city-power-9,5,6,2022-09-30 12:41:10,2022-07-22 00:23:34,
cdld,eastern-cape-adelaide,7,8,2022-09-30 12:41:10,2022-07-14 17:11:38,
crbdn,eastern-cape-arbedeen,7,8,2022-09-30 12:41:10,2022-07-14 17:11:38,
cbrklys,eastern-cape-barklyeast,7,8,2022-09-30 12:41:10,2022-07-14 17:11:38,
cbthrst,eastern-cape-bathurst,7,8,2022-09-30 12:41:10,2022-07-14 17:11:38,
cbdfrd,eastern-cape-bedford,7,8,2022-09-30 12:41:10,2022-07-14 17:11:38,
cbrgrsd,eastern-cape-burgersdorp,7,8,2022-09-30 12:41:10,2022-07-14 17:11:38,
cbttrwr,eastern-cape-butterworth,7,8,2022-09-30 12:41:10,2022-07-14 17:11:38,
ccpstfr,eastern-cape-capestfrancisbay,7,8,2022-09-30 12:41:10,2022-07-14 17:11:38,
ccthcrt,eastern-cape-cathcart,7,8,2022-09-30 12:41:10,2022-07-14 17:11:38,
ccrdck,eastern-cape-cradock,7,8,2022-09-30 12:41:10,2022-07-14 17:11:38,
cdrdrch,eastern-cape-dordrecht,7,8,2022-09-30 12:41:10,2022-09-18 23:56:52,
cdtyw,eastern-cape-dutywa,7,8,2022-09-30 12:41:10,2022-07-14 17:11:38,
cllt,eastern-cape-elliot,7,8,2022-09-30 12:41:10,2022-07-14 17:11:38,
cgrg,eastern-cape-george,7,8,2022-09-30 12:41:10,2022-07-14 17:11:38,
cgrfrnt,eastern-cape-graaf-reinet,7,8,2022-09-30 12:41:10,2022-07-14 17:11:38,
cgrhmst,eastern-cape-grahamstown,7,8,2022-09-30 12:41:10,2022-07-14 17:11:38,
chfmyr,eastern-cape-hofmeyer,7,8,2022-09-30 12:41:10,2022-07-14 17:11:38,
chmnsdr,eastern-cape-humansdorp,7,8,2022-09-30 12:41:10,2022-07-14 17:11:38,
ecindwe,eastern-cape-indwe,7,8,2022-09-30 12:41:10,2022-09-18 23:56:52,
cjnsnvl,eastern-cape-jansenville,7,8,2022-09-30 12:41:10,2022-09-18 23:56:52,
cjffrys,eastern-cape-jeffreysbay,7,8,2022-09-30 12:41:10,2022-07-16 14:39:38,
ckrkwd,eastern-cape-kirkwood,7,8,2022-09-30 12:41:10,2022-07-14 17:11:38,
eckomga,eastern-cape-komga,7,8,2022-09-30 12:41:10,2022-07-14 17:11:38,
cldygry,eastern-cape-ladygrey,7,8,2022-09-30 12:41:10,2022-07-14 17:11:38,
cmclr,eastern-cape-maclear,7,8,2022-09-30 12:41:10,2022-09-18 23:56:52,
cmrsll,eastern-cape-marselle,7,8,2022-09-30 12:41:10,2022-07-14 17:11:38,
cmttl,eastern-cape-matatiele,7,8,2022-09-30 12:41:10,2022-07-14 17:11:38,
cmbzn,eastern-cape-mbizana,7,8,2022-09-30 12:41:10,2022-07-14 17:11:38,
cmddlbr,eastern-cape-middelburg,7,8,2022-09-30 12:41:10,2022-07-14 17:11:38,
cmltn,eastern-cape-molteno,7,8,2022-09-30 12:41:10,2022-07-14 17:11:38,
cmthth,eastern-cape-mthatha,7,8,2022-09-30 12:41:10,2022-07-14 17:11:38,
cvstn,eastern-cape-oviston,7,8,2022-09-30 12:41:10,2022-07-14 17:11:38,
cpdd,eastern-cape-peddie,7,8,2022-09-30 12:41:10,2022-07-14 17:11:38,
cprtlfr,eastern-cape-portalfred,7,8,2022-09-30 12:41:10,2022-07-14 17:11:38,
cqnstwn,eastern-cape-queenstown,7,8,2022-09-30 12:41:10,2022-07-14 17:11:38,
csmmrst,eastern-cape-sommerseteast,7,8,2022-09-30 12:41:10,2022-07-14 17:11:38,
cstrksk,eastern-cape-sterkskroon,7,8,2022-09-30 12:41:10,2022-07-14 17:11:38,
cstytlr,eastern-cape-steytlertville,7,8,2022-09-30 12:41:10,2022-09-18 23:56:52,
cstfrnc,eastern-cape-stfrancisbay,7,8,2022-09-30 12:41:10,2022-07-14 17:11:38,
cstttrh,eastern-cape-stutterheim,7,8,2022-09-30 12:41:10,2022-07-14 17:11:38,
ctrkstd,eastern-cape-tarkastad,7,8,2022-09-30 12:41:10,2022-07-14 17:11:38,
ctbs,eastern-cape-teebus,7,8,2022-09-30 12:41:10,2022-07-14 17:11:38,
ecugie,eastern-cape-ugie,7,8,2022-09-30 12:41:10,2022-09-18 23:56:52,
cmtt,eastern-cape-umtata,7,8,2022-09-30 12:41:10,2022-07-14 17:11:38,
ctrstd,eastern-cape-venterstad,7,8,2022-09-30 12:41:10,2022-07-14 17:11:38,
cwllwmr,eastern-cape-willowmore,7,8,2022-09-30 12:41:10,2022-09-18 23:56:52,
fsllnrd,free-state-allanridge,9,8,2022-09-30 12:41:10,2022-07-14 17:11:38,
fsbthlh,free-state-bethlehem,9,8,2022-09-30 12:41:10,2022-07-14 17:11:38,
fsbthl,free-state-bethulie,9,8,2022-09-30 12:41:10,2022-07-14 17:11:38,
fsbshf,free-state-boshof,9,8,2022-09-30 12:41:10,2022-07-14 17:11:38,
fsbthvl,free-state-bothaville,9,8,2022-09-30 12:41:10,2022-07-14 17:11:38,
fsbrndf,free-state-brandfort,9,8,2022-09-30 12:41:10,2022-07-14 17:11:38,
fsbltfn,free-state-bultfontein,9,8,2022-09-30 12:41:10,2022-07-14 17:11:38,
fsclcln,free-state-clocolan,9,8,2022-09-30 12:41:10,2022-07-14 17:11:38,
fscrnl,free-state-cornelia,9,8,2022-09-30 12:41:10,2022-07-14 17:11:38,
fsdlsvl,free-state-dealesville,9,8,2022-09-30 12:41:10,2022-07-14 17:11:38,
fsdnysv,free-state-deneysville,9,8,2022-09-30 12:41:10,2022-07-14 17:11:38,
fsdwtsd,free-state-dewetsdorp,9,8,2022-09-30 12:41:10,2022-07-14 17:11:38,
fsdnbrg,free-state-edenburg,9,8,2022-09-30 12:41:10,2022-07-14 17:11:38,
fsdnvll,free-state-edenville,9,8,2022-09-30 12:41:10,2022-09-18 23:56:52,
fskndvv,free-state-ek-ondv-van-alice,9,8,2022-09-30 12:41:10,2022-07-14 17:11:38,
fsxclsr,free-state-excelsior,9,8,2022-09-30 12:41:10,2022-07-14 17:11:38,
fsznzln,free-state-ezenzeleni,9,8,2022-09-30 12:41:10,2022-07-14 17:11:38,
fsftngt,free-state-fatengtshentsho,9,8,2022-09-30 12:41:10,2022-07-14 17:11:38,
fsfrsmg,free-state-fauresmigh,9,8,2022-09-30 12:41:10,2022-07-14 17:11:38,
fsfcksb,free-state-ficksburg,9,8,2022-09-30 12:41:10,2022-07-14 17:11:38,
fsflmng,free-state-flamingo,9,8,2022-09-30 12:41:10,2022-07-14 17:11:38,
fsfrsbr,free-state-fouriesburg,9,8,2022-09-30 12:41:10,2022-07-14 17:11:38,
fsfrnkf,free-state-frankfort,9,8,2022-09-30 12:41:10,2022-07-14 17:11:38,
fsgrp,free-state-gariep,9,8,2022-09-30 12:41:10,2022-07-14 17:11:38,
fsgrnvr,free-state-groenvoerlande,9,8,2022-09-30 12:41:10,2022-07-14 17:11:38,
fshrrsm,free-state-harrismith,9,8,2022-09-30 12:41:10,2022-07-14 17:11:38,
fshlbrn,free-state-heilbron,9,8,2022-09-30 12:41:10,2022-07-14 17:11:38,
fshnnnm,free-state-hennenman,9,8,2022-09-30 12:41:10,2022-07-14 17:11:38,
fshrtzg,free-state-hertzogville,9,8,2022-09-30 12:41:10,2022-07-14 17:11:38,
fshpstd,free-state-hoopstad,9,8,2022-09-30 12:41:10,2022-07-14 17:11:38,
fsppng,free-state-ipopeng,9,8,2022-09-30 12:41:10,2022-07-14 17:11:38,
fsjgrsf,free-state-jagersfontein,9,8,2022-09-30 12:41:10,2022-07-14 17:11:38,
fskstll,free-state-kestell,9,8,2022-09-30 12:41:10,2022-09-18 23:56:52,
fskfffn,free-state-koffiefontein,9,8,2022-09-30 12:41:10,2022-09-18 23:56:52,
fskpps,free-state-koppies,9,8,2022-09-30 12:41:10,2022-09-18 23:56:52,
fskrnst,free-state-kroonstad,9,8,2022-09-30 12:41:10,2022-07-14 17:11:38,
fsldybr,free-state-ladybrand,9,8,2022-09-30 12:41:10,2022-07-14 17:11:38,
fslsth,free-state-lesotho,9,8,2022-09-30 12:41:10,2022-07-14 17:11:38,
fslndly,free-state-lindley,9,8,2022-09-30 12:41:10,2022-07-14 17:11:38,
fslckhf,free-state-luckhof,9,8,2022-09-30 12:41:10,2022-07-14 17:11:38,
fsmrqd,free-state-marquad,9,8,2022-09-30 12:41:10,2022-07-14 17:11:38,
fsmtprn,free-state-matoporong,9,8,2022-09-30 12:41:10,2022-09-18 23:56:52,
fsnldtw,free-state-naleditownship,9,8,2022-09-30 12:41:10,2022-07-14 17:11:38,
fsngwth,free-state-ngwathemunic,9,8,2022-09-30 12:41:10,2022-07-14 17:11:38,
fsdndls,free-state-odendaalsrus,9,8,2022-09-30 12:41:10,2022-07-14 17:11:38,
fsrnjvl,free-state-oranjeville,9,8,2022-09-30 12:41:10,2022-09-18 23:56:52,
fspnrm,free-state-panorama,9,8,2022-09-30 12:41:10,2022-07-14 17:11:38,
fsparys,free-state-parys,9,8,2022-09-30 12:41:10,2022-09-18 23:56:52,
fsplrx,free-state-paulroux,9,8,2022-09-30 12:41:10,2022-07-14 17:11:38,
fsptrsb,free-state-petrusburg,9,8,2022-09-30 12:41:10,2022-09-18 23:56:52,
fsptrss,free-state-petrussteyn,9,8,2022-09-30 12:41:10,2022-07-14 17:11:38,
fsphlpl,free-state-philipolis,9,8,2022-09-30 12:41:10,2022-07-14 17:11:38,
fsphrtn,free-state-phiritona,9,8,2022-09-30 12:41:10,2022-07-14 17:11:38,
fsphtdt,free-state-phutaditjhaba,9,8,2022-09-30 12:41:10,2022-07-14 17:11:38,
fsqwqw,free-state-qwa-qwa,9,8,2022-09-30 12:41:10,2022-09-18 23:56:52,
fsrddrs,free-state-reddersburg,9,8,2022-09-30 12:41:10,2022-07-14 17:11:38,
fsreitz,free-state-reitz,9,8,2022-09-30 12:41:10,2022-07-14 17:11:38,
fsrbcks,free-state-riebeeckstad,9,8,2022-09-30 12:41:10,2022-07-14 17:11:38,
fsrsndl,free-state-rosendal,9,8,2022-09-30 12:41:10,2022-07-14 17:11:38,
fsrxvll,free-state-rouxville,9,8,2022-09-30 12:41:10,2022-07-14 17:11:38,
fsrwlly,free-state-rweleleyathunya,9,8,2022-09-30 12:41:10,2022-09-18 23:56:52,
fssnkl,free-state-senekal,9,8,2022-09-30 12:41:10,2022-07-14 17:11:38,
fssrts,free-state-seretse,9,8,2022-09-30 12:41:10,2022-07-14 17:11:38,
fssmthf,free-state-smithfield,9,8,2022-09-30 12:41:10,2022-07-14 17:11:38,
fssprng,free-state-springfonteintown,9,8,2022-09-30 12:41:10,2022-07-14 17:11:38,
ohn-4kq,free-state-springfonteintruck(garage),9,8,2022-09-30 12:41:10,2022-09-18 23:56:52,
fsstyns,free-state-steynsrus,9,8,2022-09-30 12:41:10,2022-07-14 17:11:38,
fsthnss,free-state-theunissen,9,8,2022-09-30 12:41:10,2022-09-18 23:56:52,
fstrmps,free-state-trompsburg,9,8,2022-09-30 12:41:10,2022-07-14 17:11:38,
fstshsn,free-state-tsheseng,9,8,2022-09-30 12:41:10,2022-09-18 23:56:52,
fstshm,free-state-tshiame,9,8,2022-09-30 12:41:10,2022-07-14 17:11:38,
fstwlng,free-state-tweeling,9,8,2022-09-30 12:41:10,2022-07-14 17:11:38,
fstwspr,free-state-tweespruit,9,8,2022-09-30 12:41:10,2022-09-18 23:56:52,
fsvlprk,free-state-vaalpark,9,8,2022-09-30 12:41:10,2022-07-14 17:11:38,
fsvnstn,free-state-vanstandensrus,9,8,2022-09-30 12:41:10,2022-07-14 17:11:38,
fsvrkrd,free-state-veerkerde-vlei,9,8,2022-09-30 12:41:10,2022-07-14 17:11:38,
fstrsbr,free-state-ventersburg,9,8,2022-09-30 12:41:10,2022-07-14 17:11:38,
fsvljns,free-state-viljoenskroon,9,8,2022-09-30 12:41:10,2022-07-14 17:11:38,
fsvllrs,free-state-villiers,9,8,2022-09-30 12:41:10,2022-09-18 23:56:52,
fsvrgnn,free-state-virginianorth,9,8,2022-09-30 12:41:10,2022-07-14 17:11:38,
fsvrgnt,free-state-virginiatown,9,8,2022-09-30 12:41:10,2022-07-14 17:11:38,
fsvrdfr,free-state-vredefort,9,8,2022-09-30 12:41:10,2022-07-14 17:11:38,
fsw,free-state-w,9,8,2022-09-30 12:41:10,2022-09-18 23:56:52,
fswrdn,free-state-warden,9,8,2022-09-30 12:41:10,2022-07-14 17:11:38,
fswlkmb,free-state-welkombulk,9,8,2022-09-30 12:41:10,2022-07-14 17:11:38,
fswlkmt,free-state-welkomtown,9,8,2022-09-30 12:41:10,2022-07-14 17:11:38,
fswpnr,free-state-wepener,9,8,2022-09-30 12:41:10,2022-07-14 17:11:38,
fswssls,free-state-wesselsbron,9,8,2022-09-30 12:41:10,2022-07-14 17:11:38,
fswnbrg,free-state-winburg,9,8,2022-09-30 12:41:10,2022-07-14 17:11:38,
fswtskh,free-state-witsiekhoek,9,8,2022-09-30 12:41:10,2022-07-14 17:11:38,
fszmdl,free-state-zamdela,9,8,2022-09-30 12:41:10,2022-07-14 17:11:38,
fszstrn,free-state-zastron,9,8,2022-09-30 12:41:10,2022-07-14 17:11:38,
krhln1,gauteng-ekurhuleni-block-1,10,11,2022-09-30 12:41:10,2022-09-13 21:30:49,
krhln2,gauteng-ekurhuleni-block-2,10,11,2022-09-30 12:41:10,2022-09-13 21:30:49,
krhln3,gauteng-ekurhuleni-block-3,10,11,2022-09-30 12:41:10,2022-09-13 21:30:49,
krhln4,gauteng-ekurhuleni-block-4,10,11,2022-09-30 12:41:10,2022-09-13 21:30:49,
krhln5,gauteng-ekurhuleni-block-5,10,11,2022-09-30 12:41:10,2022-09-13 21:30:49,
krhln6,gauteng-ekurhuleni-block-6,10,11,2022-09-30 12:41:10,2022-09-13 21:30:49,
krhln7,gauteng-ekurhuleni-block-7,10,11,2022-09-30 12:41:10,2022-09-13 21:30:49,
krhln8,gauteng-ekurhuleni-block-8,10,11,2022-09-30 12:41:10,2022-09-13 21:30:49,
krhln9,gauteng-ekurhuleni-block-9,10,11,2022-09-30 12:41:10,2022-09-13 21:30:49,
krhln10,gauteng-ekurhuleni-block-10,10,11,2022-09-30 12:41:10,2022-09-13 21:30:49,
krhln11,gauteng-ekurhuleni-block-11,10,11,2022-09-30 12:41:10,2022-09-13 21:30:49,
krhln12,gauteng-ekurhuleni-block-12,10,11,2022-09-30 12:41:10,2022-09-13 21:30:49,
krhln13,gauteng-ekurhuleni-block-13,10,11,2022-09-30 12:41:10,2022-09-13 21:30:49,
krhln14,gauteng-ekurhuleni-block-14,10,11,2022-09-30 12:41:10,2022-09-13 21:30:49,
krhln15,gauteng-ekurhuleni-block-15,10,11,2022-09-30 12:41:10,2022-09-13 21:30:49,
krhln16,gauteng-ekurhuleni-block-16,10,11,2022-09-30 12:41:10,2022-09-13 21:30:49,
mfln1,gauteng-emfuleni-area-a1,12,13,2023-05-24 14:00:22,2023-05-24 14:00:22,
mfln2,gauteng-emfuleni-area-a2,12,13,2023-05-24 14:00:22,2023-05-24 14:00:22,
mfln3,gauteng-emfuleni-area-a3,12,13,2023-05-24 14:00:22,2023-05-24 14:00:22,
mfln4,gauteng-emfuleni-area-a4,12,13,2023-05-24 14:00:22,2023-05-24 14:00:22,
mfln5,gauteng-emfuleni-area-a5,12,13,2023-05-24 14:00:22,2023-05-24 14:00:22,
mfln6,gauteng-emfuleni-area-a6,12,13,2023-05-24 14:00:22,2023-05-24 14:00:22,
mfln7,gauteng-emfuleni-area-a7,12,13,2023-05-24 14:00:22,2023-05-24 14:00:22,
mfln8,gauteng-emfuleni-area-a8,12,13,2023-05-24 14:00:22,2023-05-24 14:00:22,
mfln9,gauteng-emfuleni-area-a9,12,13,2023-05-24 14:00:22,2023-05-24 14:00:22,
mfln10,gauteng-emfuleni-area-a10,12,13,2023-05-24 14:00:22,2023-05-24 14:00:22,
mfln11,gauteng-emfuleni-area-a11,12,13,2023-05-24 14:00:22,2023-05-24 14:00:22,
mfln12,gauteng-emfuleni-area-a12,12,13,2023-05-24 14:00:22,2023-05-24 14:00:22,
mfln13,gauteng-emfuleni-area-a13,12,13,2023-05-24 14:00:22,2023-05-24 14:00:22,
mfln14,gauteng-emfuleni-area-a14,12,13,2023-05-24 14:00:22,2023-05-24 14:00:22,
mfln15,gauteng-emfuleni-area-a15,12,13,2023-05-24 14:00:22,2023-05-24 14:00:22,
mfln17,gauteng-emfuleni-area-a17,12,13,2023-05-24 14:00:22,2023-05-24 14:00:22,
mfln18,gauteng-emfuleni-area-a18,12,13,2023-05-24 14:00:22,2023-05-24 14:00:22,
mfln19,gauteng-emfuleni-area-a19,12,13,2023-05-24 14:00:22,2023-05-24 14:00:22,
mfln20,gauteng-emfuleni-area-a20,12,13,2023-05-24 14:00:22,2023-05-24 14:00:22,
mfln21,gauteng-emfuleni-area-a21,12,13,2023-05-24 14:00:22,2023-05-24 14:00:22,
mfln22,gauteng-emfuleni-area-a22,12,13,2023-05-24 14:00:22,2023-05-24 14:00:22,
mfln23,gauteng-emfuleni-area-a23,12,13,2023-05-24 14:00:22,2023-05-24 14:00:22,
tshwn1,gauteng-tshwane-group-1,14,15,2022-09-30 12:41:10,2022-09-19 16:34:31,
tshwn10,gauteng-tshwane-group-10,14,15,2022-09-30 12:41:10,2022-09-19 16:34:31,
tshwn11,gauteng-tshwane-group-11,14,15,2022-09-30 12:41:10,2022-09-19 16:34:31,
tshwn12,gauteng-tshwane-group-12,14,15,2022-09-30 12:41:10,2022-09-19 16:34:31,
tshwn13,gauteng-tshwane-group-13,14,15,2022-09-30 12:41:10,2022-09-19 16:34:31,
tshwn14,gauteng-tshwane-group-14,14,15,2022-09-30 12:41:10,2022-09-19 16:34:31,
tshwn15,gauteng-tshwane-group-15,14,15,2022-09-30 12:41:10,2022-09-19 16:34:31,
tshwn16,gauteng-tshwane-group-16,14,15,2022-09-30 12:41:10,2022-09-19 16:34:31,
tshwn2,gauteng-tshwane-group-2,14,15,2022-09-30 12:41:10,2022-09-19 16:34:31,
tshwn3,gauteng-tshwane-group-3,14,15,2022-09-30 12:41:10,2022-09-19 16:34:31,
tshwn4,gauteng-tshwane-group-4,14,15,2022-09-30 12:41:10,2022-09-19 16:34:31,
tshwn5,gauteng-tshwane-group-5,14,15,2022-09-30 12:41:10,2022-09-19 16:34:31,
tshwn6,gauteng-tshwane-group-6,14,15,2022-09-30 12:41:10,2022-09-19 16:34:31,
tshwn7,gauteng-tshwane-group-7,14,15,2022-09-30 12:41:10,2022-09-19 16:34:31,
tshwn8,gauteng-tshwane-group-8,14,15,2022-09-30 12:41:10,2022-09-19 16:34:31,
tshwn9,gauteng-tshwane-group-9,14,15,2022-09-30 12:41:10,2022-09-19 16:34:31,
kznbllt,kwazulu-natal-ballito,16,8,2022-09-30 12:41:10,2022-09-18 23:56:52,
kzndnd,kwazulu-natal-dundee,16,8,2022-09-30 12:41:10,2022-09-18 23:56:52,
kznshw,kwazulu-natal-eshowe,16,8,2022-09-30 12:41:10,2022-09-18 23:56:52,
kznfltw,kwazulu-natal-fleetwood,16,8,2022-09-30 12:41:10,2022-09-18 23:56:52,
kznglnc,kwazulu-natal-glencoe,16,8,2022-09-30 12:41:10,2022-09-18 23:56:52,
kzngryt,kwazulu-natal-greytown,16,8,2022-09-30 12:41:10,2022-09-18 23:56:52,
kznhrdn,kwazulu-natal-harding,16,8,2022-09-30 12:41:10,2022-09-18 23:56:52,
kznhwck,kwazulu-natal-howick,16,8,2022-09-30 12:41:10,2022-09-18 23:56:52,
kznkdst,kwazulu-natal-kodstad,16,8,2022-09-30 12:41:10,2022-09-18 23:56:52,
kznmndn,kwazulu-natal-mandeni,16,8,2022-09-30 12:41:10,2022-09-18 23:56:52,
kznmpfn,kwazulu-natal-mpofana,16,8,2022-09-30 12:41:10,2022-09-18 23:56:52,
kznmpmp,kwazulu-natal-mpomphomeni,16,8,2022-09-30 12:41:10,2022-09-18 23:56:52,
kznmthn,kwazulu-natal-mthonjaneni,16,8,2022-09-30 12:41:10,2022-09-18 23:56:52,
kznnwcs,kwazulu-natal-newcastle,16,8,2022-09-30 12:41:10,2022-09-18 23:56:52,
kznnrth,kwazulu-natal-northern,16,8,2022-09-30 12:41:10,2022-09-18 23:56:52,
kznnqth,kwazulu-natal-nquthu,16,8,2022-09-30 12:41:10,2022-09-18 23:56:52,
kznplpt,kwazulu-natal-paulpietersburg,16,8,2022-09-30 12:41:10,2022-09-18 23:56:52,
kznrynk,kwazulu-natal-raynkonyeni,16,8,2022-09-30 12:41:10,2022-09-18 23:56:52,
kznsthr,kwazulu-natal-southern,16,8,2022-09-30 12:41:10,2022-09-18 23:56:52,
kznstng,kwazulu-natal-stanger,16,8,2022-09-30 12:41:10,2022-09-18 23:56:52,
kznlnd,kwazulu-natal-ulundi,16,8,2022-09-30 12:41:10,2022-09-18 23:56:52,
kznmvt,kwazulu-natal-umvoti,16,8,2022-09-30 12:41:10,2022-09-18 23:56:52,
kznphng,kwazulu-natal-uphongolo,16,8,2022-09-30 12:41:10,2022-09-18 23:56:52,
kzntrch,kwazulu-natal-utrecht,16,8,2022-09-30 12:41:10,2022-09-18 23:56:52,
lpddny,limpopo-addney,17,8,2022-09-30 12:41:10,2022-07-14 17:11:38,
lplldys,limpopo-alldays-dorp,17,8,2022-09-30 12:41:10,2022-07-14 17:11:38,
lparrie,limpopo-arrie,17,8,2022-09-30 12:41:10,2022-07-14 17:11:38,
lpbyswt,limpopo-bayswater,17,8,2022-09-30 12:41:10,2022-09-18 23:56:52,
lpblblt,limpopo-belabelatown,17,8,2022-09-30 12:41:10,2022-07-14 17:11:38,
lpdpslt,limpopo-diepsloot,17,8,2022-09-30 12:41:10,2022-09-18 23:56:52,
lpsrng,limpopo-esoringa,17,8,2022-09-30 12:41:10,2022-07-14 17:11:38,
lpgenoa,limpopo-genoa,17,8,2022-09-30 12:41:10,2022-07-14 17:11:38,
lpgdn,limpopo-gideon,17,8,2022-09-30 12:41:10,2022-09-18 23:56:52,
lpgdtr,limpopo-goedetrou,17,8,2022-09-30 12:41:10,2022-07-14 17:11:38,
lpgrbbl,limpopo-grobblersdaltown,17,8,2022-09-30 12:41:10,2022-07-14 17:11:38,
lpinnes,limpopo-innes,17,8,2022-09-30 12:41:10,2022-09-18 23:56:52,
lpkgpnd,limpopo-kgapane(duiwelskloof)_town,17,8,2022-09-30 12:41:10,2022-07-14 17:11:38,
lpkgtl,limpopo-kgatla,17,8,2022-09-30 12:41:10,2022-07-14 17:11:38,
lplphll,limpopo-lephalale(ellisras)_town,17,8,2022-09-30 12:41:10,2022-07-14 17:11:38,
lplsdng,limpopo-lesedingtownship,17,8,2022-09-30 12:41:10,2022-07-14 17:11:38,
lpmgr,limpopo-magari,17,8,2022-09-30 12:41:10,2022-07-14 17:11:38,
lpmkhdl,limpopo-makhado(louis_trichardt)_town,17,8,2022-09-30 12:41:10,2022-07-14 17:11:38,
lpmrblh,limpopo-marblehalltown,17,8,2022-09-30 12:41:10,2022-07-14 17:11:38,
lpmdmll,limpopo-modimollenystroomtown,17,8,2022-09-30 12:41:10,2022-07-14 17:11:38,
lpmhwdd,limpopo-mohwadi(dendron)_town,17,8,2022-09-30 12:41:10,2022-07-14 17:11:38,
lpmkhrm,limpopo-mokhurumela,17,8,2022-09-30 12:41:10,2022-07-14 17:11:38,
lpmkpnp,limpopo-mokopane(potgieterus)town,17,8,2022-09-30 12:41:10,2022-07-14 17:11:38,
lpmontz,limpopo-montz,17,8,2022-09-30 12:41:10,2022-07-14 17:11:38,
lpmkgph,limpopo-mookgophong(naboomspruit),17,8,2022-09-30 12:41:10,2022-07-14 17:11:38,
lpmshln,limpopo-mosehleng,17,8,2022-09-30 12:41:10,2022-09-18 23:56:52,
lpmsntw,limpopo-musinatown,17,8,2022-09-30 12:41:10,2022-07-14 17:11:38,
lpnncfl,limpopo-nancefieldtownship,17,8,2022-09-30 12:41:10,2022-07-14 17:11:38,
lpnrmnd,limpopo-normandy,17,8,2022-09-30 12:41:10,2022-07-14 17:11:38,
lpphgmn,limpopo-phagamengtownship,17,8,2022-09-30 12:41:10,2022-07-14 17:11:38,
lpphlbr,limpopo-phalaborwatown,17,8,2022-09-30 12:41:10,2022-07-14 17:11:38,
lprbrg,limpopo-rooiberg,17,8,2022-09-30 12:41:10,2022-07-14 17:11:38,
lpsmsn,limpopo-simson,17,8,2022-09-30 12:41:10,2022-07-14 17:11:38,
lpswart,limpopo-swart,17,8,2022-09-30 12:41:10,2022-09-18 23:56:52,
lpswthm,limpopo-sweethome,17,8,2022-09-30 12:41:10,2022-07-14 17:11:38,
lpthbzm,limpopo-thabazimbitown,17,8,2022-09-30 12:41:10,2022-07-14 17:11:38,
lpthgrn,limpopo-thegrench,17,8,2022-09-30 12:41:10,2022-09-18 23:56:52,
lpvlwtr,limpopo-vaalwatertown,17,8,2022-09-30 12:41:10,2022-07-14 17:11:38,
lpwttn,limpopo-witten,17,8,2022-09-30 12:41:10,2022-07-14 17:11:38,
mprrnd,mpumalanga-aerorand,18,8,2022-09-30 12:41:10,2022-07-14 17:11:38,
mpbrbrt,mpumalanga-barberton,18,8,2022-09-30 12:41:10,2022-07-14 17:11:38,
mpbthl,mpumalanga-bethal,18,8,2022-09-30 12:41:10,2022-07-14 17:11:38,
mpbffls,mpumalanga-buffelspruit,18,8,2022-09-30 12:41:10,2022-07-14 17:11:38,
mpcmcll,mpumalanga-camcoll,18,8,2022-09-30 12:41:10,2022-07-14 17:11:38,
mpclvr,mpumalanga-clever,18,8,2022-09-30 12:41:10,2022-07-14 17:11:38,
mpcohen,mpumalanga-cohen,18,8,2022-09-30 12:41:10,2022-07-14 17:11:38,
mpclgn,mpumalanga-cologne,18,8,2022-09-30 12:41:10,2022-07-14 17:11:38,
mpdelta,mpumalanga-delta,18,8,2022-09-30 12:41:10,2022-09-18 23:56:52,
mpdrnpr,mpumalanga-doornpoort,18,8,2022-09-30 12:41:10,2022-07-14 17:11:38,
mpdrydn,mpumalanga-dryden-rural,18,8,2022-09-30 12:41:10,2022-07-14 17:11:38,
mprml,mpumalanga-ermelo,18,8,2022-09-30 12:41:10,2022-07-14 17:11:38,
mpstnc,mpumalanga-estancia,18,8,2022-09-30 12:41:10,2022-07-14 17:11:38,
mpfgtr,mpumalanga-figtree,18,8,2022-09-30 12:41:10,2022-07-14 17:11:38,
mpgrysl,mpumalanga-greyslingstad,18,8,2022-09-30 12:41:10,2022-07-14 17:11:38,
mphghln,mpumalanga-highlands,18,8,2022-09-30 12:41:10,2022-07-14 17:11:38,
mpjrslm,mpumalanga-jerusalem,18,8,2022-09-30 12:41:10,2022-07-14 17:11:38,
mpkbkwn,mpumalanga-kabokweni,18,8,2022-09-30 12:41:10,2022-07-14 17:11:38,
mpknymz,mpumalanga-kanyamazani,18,8,2022-09-30 12:41:10,2022-07-14 17:11:38,
mpkemp,mpumalanga-kemp,18,8,2022-09-30 12:41:10,2022-07-14 17:11:38,
mpkprsl,mpumalanga-kiepersol,18,8,2022-09-30 12:41:10,2022-09-18 23:56:52,
mpklpsp,mpumalanga-klipspringer,18,8,2022-09-30 12:41:10,2022-07-14 17:11:38,
mpkmtpr,mpumalanga-komatipoort,18,8,2022-09-30 12:41:10,2022-07-14 17:11:38,
mpkrsbm,mpumalanga-koorsboom,18,8,2022-09-30 12:41:10,2022-07-14 17:11:38,
mpkwgq,mpumalanga-kwa-guqa,18,8,2022-09-30 12:41:10,2022-07-14 17:11:38,
mplwscr,mpumalanga-louwscreek,18,8,2022-09-30 12:41:10,2022-07-14 17:11:38,
mplyndn,mpumalanga-lyndenburg,18,8,2022-09-30 12:41:10,2022-07-14 17:11:38,
mpmlln,mpumalanga-malelane,18,8,2022-09-30 12:41:10,2022-07-14 17:11:38,
mpmrthn,mpumalanga-marathon,18,8,2022-09-30 12:41:10,2022-07-14 17:11:38,
mpmtffn,mpumalanga-mataffin_sub,18,8,2022-09-30 12:41:10,2022-07-14 17:11:38,
mpmddlb,mpumalanga-middelburg,18,8,2022-09-30 12:41:10,2022-07-14 17:11:38,
mpnlsrv,mpumalanga-nelsriver_sub,18,8,2022-09-30 12:41:10,2022-07-14 17:11:38,
mpnkmz,mpumalanga-nkomazi,18,8,2022-09-30 12:41:10,2022-07-14 17:11:38,
mpogies,mpumalanga-ogies,18,8,2022-09-30 12:41:10,2022-07-14 17:11:38,
mpptrtf,mpumalanga-piet-retief,18,8,2022-09-30 12:41:10,2022-07-14 17:11:38,
mpsappi,mpumalanga-sappi,18,8,2022-09-30 12:41:10,2022-07-14 17:11:38,
mpscnd,mpumalanga-secunda,18,8,2022-09-30 12:41:10,2022-07-14 17:11:38,
mpsol,mpumalanga-sol,18,8,2022-09-30 12:41:10,2022-07-14 17:11:38,
mpstndr,mpumalanga-standerton,18,8,2022-09-30 12:41:10,2022-07-14 17:11:38,
mpsndr,mpumalanga-sundra,18,8,2022-09-30 12:41:10,2022-07-14 17:11:38,
mpsthws,mpumalanga-usuthu-west,18,8,2022-09-30 12:41:10,2022-07-14 17:11:38,
mpvkzkh,mpumalanga-vukuzakhe,18,8,2022-09-30 12:41:10,2022-07-14 17:11:38,
mpwhtrv,mpumalanga-whiteriver,18,8,2022-09-30 12:41:10,2022-07-14 17:11:38,
mpwldbs,mpumalanga-wildebees,18,8,2022-09-30 12:41:10,2022-07-14 17:11:38,
mpwtbnk,mpumalanga-witbank_ds,18,8,2022-09-30 12:41:10,2022-07-14 17:11:38,
nwbkhts,north-west-boikhutso,19,8,2022-09-30 12:41:10,2022-07-14 17:11:38,
nwclgny,north-west-coligny,19,8,2022-09-30 12:41:10,2022-07-14 17:11:38,
nwdlryv,north-west-delareyville,19,8,2022-09-30 12:41:10,2022-07-14 17:11:38,
nwgmtrs,north-west-gumtrees,19,8,2022-09-30 12:41:10,2022-07-14 17:11:38,
nwhrtbs,north-west-hartebeesfontein,19,8,2022-09-30 12:41:10,2022-09-18 23:56:52,
nwjbrtn,north-west-jouberton,19,8,2022-09-30 12:41:10,2022-07-14 17:11:38,
nwklrks,north-west-klerksdorpmunic,19,8,2022-09-30 12:41:10,2022-07-14 17:11:38,
lzr-wwq,north-west-klerksdorpnorth,19,8,2022-09-30 12:41:10,2022-07-14 17:11:38,
yzc-d1h,north-west-klerksdorpwest,19,8,2022-09-30 12:41:10,2022-07-14 17:11:38,
nwkstr,north-west-koster,19,8,2022-09-30 12:41:10,2022-07-14 17:11:38,
nwldrng,north-west-leeudoringstad,19,8,2022-09-30 12:41:10,2022-07-14 17:11:38,
nwlchtn,north-west-lichtenburg,19,8,2022-09-30 12:41:10,2022-07-14 17:11:38,
nwrknym,north-west-orkneymunic,19,8,2022-09-30 12:41:10,2022-07-14 17:11:38,
nwttsdl,north-west-ottosdal,19,8,2022-09-30 12:41:10,2022-07-14 17:11:38,
nwptchf,north-west-potchefstroom,19,8,2022-09-30 12:41:10,2022-07-14 17:11:38,
nwsnnsh,north-west-sannieshof,19,8,2022-09-30 12:41:10,2022-07-14 17:11:38,
nwschwz,north-west-schweizer-reneke,19,8,2022-09-30 12:41:10,2022-07-14 17:11:38,
nwstllf,north-west-stillfontein,19,8,2022-09-30 12:41:10,2022-07-14 17:11:38,
nwswrtr,north-west-swartruggens,19,8,2022-09-30 12:41:10,2022-07-14 17:11:38,
nwvntrs,north-west-ventersdorp,19,8,2022-09-30 12:41:10,2022-07-14 17:11:38,
nwvrybr,north-west-vryburg,19,8,2022-09-30 12:41:10,2022-07-14 17:11:38,
nwwtrwr,north-west-waterworkspoints,19,8,2022-09-30 12:41:10,2022-07-14 17:11:38,
nwwlmrn,north-west-wolmaranstad,19,8,2022-09-30 12:41:10,2022-07-14 17:11:38,
nwwdhs,north-west-woodhouse,19,8,2022-09-30 12:41:10,2022-07-14 17:11:38,
nwzrst,north-west-zeerust,19,8,2022-09-30 12:41:10,2022-07-14 17:11:38,
nclxndr,northern-cape-alexanderbay,20,8,2022-09-30 12:41:10,2022-07-14 17:11:38,
ncgrbs,northern-cape-augrabies,20,8,2022-09-30 12:41:10,2022-07-14 17:11:38,
ncbckly,northern-cape-backlywest,20,8,2022-09-30 12:41:10,2022-07-14 17:11:38,
ncbttrf,northern-cape-bitterfontein,20,8,2022-09-30 12:41:10,2022-07-14 17:11:38,
ncbrndv,northern-cape-brandvlei,20,8,2022-09-30 12:41:10,2022-07-14 17:11:38,
ncbrtst,northern-cape-britstown,20,8,2022-09-30 12:41:10,2022-07-14 17:11:38,
ncclvn,northern-cape-calvinia,20,8,2022-09-30 12:41:10,2022-07-14 17:11:38,
nccrnrv,northern-cape-carnarvon,20,8,2022-09-30 12:41:10,2022-07-14 17:11:38,
ncchrst,northern-cape-christiana,20,8,2022-09-30 12:41:10,2022-07-14 17:11:38,
ncclsbr,northern-cape-colesberg,20,8,2022-09-30 12:41:10,2022-07-14 17:11:38,
ncdnlsk,northern-cape-danielskuil,20,8,2022-09-30 12:41:10,2022-07-14 17:11:38,
ncdeaar,northern-cape-de-aar,20,8,2022-09-30 12:41:10,2022-07-14 17:11:38,
ncdeben,northern-cape-deben,20,8,2022-09-30 12:41:10,2022-07-14 17:11:38,
ncdlspr,northern-cape-delsportshoop,20,8,2022-09-30 12:41:10,2022-07-14 17:11:38,
ncdnglt,northern-cape-dingleton,20,8,2022-09-30 12:41:10,2022-07-14 17:11:38,
ncdgls,northern-cape-douglas,20,8,2022-09-30 12:41:10,2022-07-14 17:11:38,
ncfrsrb,northern-cape-fraserburg,20,8,2022-09-30 12:41:10,2022-07-14 17:11:38,
ncgdhs,northern-cape-goodhouse,20,8,2022-09-30 12:41:10,2022-07-14 17:11:38,
ncgrblr,northern-cape-groblershoop,20,8,2022-09-30 12:41:10,2022-07-14 17:11:38,
nchnvr,northern-cape-hanover,20,8,2022-09-30 12:41:10,2022-07-14 17:11:38,
nchptwn,northern-cape-hopetown,20,8,2022-09-30 12:41:10,2022-07-14 17:11:38,
ncjnkmp,northern-cape-jankempdorp,20,8,2022-09-30 12:41:10,2022-07-14 17:11:38,
nckkms,northern-cape-kakamas,20,8,2022-09-30 12:41:10,2022-07-14 17:11:38,
nckmskr,northern-cape-kamieskroon,20,8,2022-09-30 12:41:10,2022-07-14 17:11:38,
nckathu,northern-cape-kathu,20,8,2022-09-30 12:41:10,2022-07-14 17:11:38,
nckms,northern-cape-keimoes,20,8,2022-09-30 12:41:10,2022-07-14 17:11:38,
ncknhrd,northern-cape-kenhardt,20,8,2022-09-30 12:41:10,2022-07-14 17:11:38,
nckknp,northern-cape-koekenaap,20,8,2022-09-30 12:41:10,2022-07-14 17:11:38,
nckrmn,northern-cape-kuruman,20,8,2022-09-30 12:41:10,2022-07-14 17:11:38,
nclrsfn,northern-cape-loeriesfontein,20,8,2022-09-30 12:41:10,2022-07-14 17:11:38,
nclxtn,northern-cape-loxton,20,8,2022-09-30 12:41:10,2022-07-14 17:11:38,
ncltzvl,northern-cape-lutzville,20,8,2022-09-30 12:41:10,2022-07-14 17:11:38,
ncmrwvl,northern-cape-merweville,20,8,2022-09-30 12:41:10,2022-07-14 17:11:38,
ncnlspr,northern-cape-nelspoort,20,8,2022-09-30 12:41:10,2022-07-14 17:11:38,
ncnwdtv,northern-cape-nieuwoudtville,20,8,2022-09-30 12:41:10,2022-07-14 17:11:38,
ncnrvls,northern-cape-norvalspont,20,8,2022-09-30 12:41:10,2022-07-14 17:11:38,
ncnprt,northern-cape-noupoort,20,8,2022-09-30 12:41:10,2022-07-14 17:11:38,
ncokiep,northern-cape-okiep,20,8,2022-09-30 12:41:10,2022-07-16 14:39:38,
nclfnts,northern-cape-oliefantshoek,20,8,2022-09-30 12:41:10,2022-07-14 17:11:38,
ncptrsv,northern-cape-petrusville,20,8,2022-09-30 12:41:10,2022-07-14 17:11:38,
ncphllp,northern-cape-phillipstown,20,8,2022-09-30 12:41:10,2022-07-14 17:11:38,
ncprtnl,northern-cape-port-nolloth,20,8,2022-09-30 12:41:10,2022-07-14 17:11:38,
ncptsms,northern-cape-potsmasburgindustry,20,8,2022-09-30 12:41:10,2022-07-14 17:11:38,
v7k-7oq,northern-cape-potsmasburgtown,20,8,2022-09-30 12:41:10,2022-07-14 17:11:38,
ncprsk,northern-cape-prieska,20,8,2022-09-30 12:41:10,2022-07-14 17:11:38,
ncrchmn,northern-cape-richmond,20,8,2022-09-30 12:41:10,2022-07-14 17:11:38,
ncrtprt,northern-cape-rietpoort,20,8,2022-09-30 12:41:10,2022-07-14 17:11:38,
ncsprng,northern-cape-springbok,20,8,2022-09-30 12:41:10,2022-07-14 17:11:38,
ncstnkp,northern-cape-steinkopf,20,8,2022-09-30 12:41:10,2022-07-14 17:11:38,
ncpngtn,northern-cape-upington,20,8,2022-09-30 12:41:10,2022-07-14 17:11:38,
ncvndrk,northern-cape-vanderkloof,20,8,2022-09-30 12:41:10,2022-07-14 17:11:38,
ncvnwys,northern-cape-vanwyskvlei,20,8,2022-09-30 12:41:10,2022-07-14 17:11:38,
ncvctrw,northern-cape-victoriawest,20,8,2022-09-30 12:41:10,2022-07-14 17:11:38,
ncvlsdr,northern-cape-vioolsdrift,20,8,2022-09-30 12:41:10,2022-07-14 17:11:38,
ncvsbrg,northern-cape-vosburg,20,8,2022-09-30 12:41:10,2022-07-14 17:11:38,
ncwrrnt,northern-cape-warrenton,20,8,2022-09-30 12:41:10,2022-07-14 17:11:38,
ncwllns,northern-cape-willinston,20,8,2022-09-30 12:41:10,2022-07-14 17:11:38,
wclbrtn,western-cape-albertinia,21,8,2022-09-30 12:41:10,2022-07-14 17:11:38,
wcrnstn,western-cape-arniston,21,8,2022-09-30 12:41:10,2022-07-14 17:11:38,
wcshtn,western-cape-ashton,21,8,2022-09-30 12:41:10,2022-09-18 23:56:52,
wcbrryd,western-cape-barrydale,21,8,2022-09-30 12:41:10,2022-09-18 23:56:52,
wcbfrtw,western-cape-beaufort-west,21,8,2022-09-30 12:41:10,2022-07-14 17:11:38,
wcbttsb,western-cape-betties-bay,21,8,2022-09-30 12:41:10,2022-07-14 17:11:38,
wcbnnvl,western-cape-bonnievale,21,8,2022-09-30 12:41:10,2022-09-18 23:56:52,
wcbtrvr,western-cape-botrivier,21,8,2022-09-30 12:41:10,2022-07-14 17:11:38,
wcbrdsd,western-cape-bredasdorp,21,8,2022-09-30 12:41:10,2022-07-14 17:11:38,
wccldn,western-cape-caledon,21,8,2022-09-30 12:41:10,2022-07-14 17:11:38,
wccltzd,western-cape-calitzdorp,21,8,2022-09-30 12:41:10,2022-07-14 17:11:38,
wcceres,western-cape-ceres,21,8,2022-09-30 12:41:10,2022-07-14 17:11:38,
wcctrsd,western-cape-citrusdal,21,8,2022-09-30 12:41:10,2022-07-14 17:11:38,
wcclnwl,western-cape-clanwilliam,21,8,2022-09-30 12:41:10,2022-07-14 17:11:38,
wcdrlng,western-cape-darling,21,8,2022-09-30 12:41:10,2022-07-14 17:11:38,
wcddrns,western-cape-de-doorns,21,8,2022-09-30 12:41:10,2022-07-14 17:11:38,
wcdrst,western-cape-derust,21,8,2022-09-30 12:41:10,2022-07-14 17:11:38,
wcdyssl,western-cape-dysselsdorp,21,8,2022-09-30 12:41:10,2022-07-14 17:11:38,
wclndsb,western-cape-elandsbaai,21,8,2022-09-30 12:41:10,2022-07-14 17:11:38,
wcfrnsc,western-cape-franschoek,21,8,2022-09-30 12:41:10,2022-07-14 17:11:38,
wcgnsb,western-cape-gansbaai,21,8,2022-09-30 12:41:10,2022-07-14 17:11:38,
wcgndnd,western-cape-genadendal,21,8,2022-09-30 12:41:10,2022-07-14 17:11:38,
wcgrg,western-cape-george,21,8,2022-09-30 12:41:10,2022-07-14 17:11:38,
wcglntn,western-cape-glentana,21,8,2022-09-30 12:41:10,2022-07-14 17:11:38,
wcgdvrw,western-cape-goedverwacht,21,8,2022-09-30 12:41:10,2022-07-14 17:11:38,
wcgouda,western-cape-gouda,21,8,2022-09-30 12:41:10,2022-07-14 17:11:38,
wcgrfwt,western-cape-graaf-water,21,8,2022-09-30 12:41:10,2022-07-14 17:11:38,
wcgrbw,western-cape-grabouw,21,8,2022-09-30 12:41:10,2022-07-14 17:11:38,
wcgrytn,western-cape-greyton,21,8,2022-09-30 12:41:10,2022-07-14 17:11:38,
wcgrtbr,western-cape-grootbrak,21,8,2022-09-30 12:41:10,2022-07-14 17:11:38,
wchwstn,western-cape-hawston,21,8,2022-09-30 12:41:10,2022-07-14 17:11:38,
wchdlbr,western-cape-heidelburg,21,8,2022-09-30 12:41:10,2022-07-14 17:11:38,
wchrbts,western-cape-herbetsdal,21,8,2022-09-30 12:41:10,2022-07-14 17:11:38,
wchrmns,western-cape-hermanus,21,8,2022-09-30 12:41:10,2022-07-14 17:11:38,
wchpfl,western-cape-hopeful,21,8,2022-09-30 12:41:10,2022-07-14 17:11:38,
wcnfnt,western-cape-infanta,21,8,2022-09-30 12:41:10,2022-07-14 17:11:38,
wcklwr,western-cape-klawer,21,8,2022-09-30 12:41:10,2022-07-14 17:11:38,
wcklnbr,western-cape-kleinbrak,21,8,2022-09-30 12:41:10,2022-07-14 17:11:38,
wcklnmn,western-cape-kleinmond,21,8,2022-09-30 12:41:10,2022-07-14 17:11:38,
wcklpdl,western-cape-klipdale,21,8,2022-09-30 12:41:10,2022-07-14 17:11:38,
wcknysn,western-cape-knysna,21,8,2022-09-30 12:41:10,2022-07-14 17:11:38,
wcldsmt,western-cape-ladismith,21,8,2022-09-30 12:41:10,2022-07-14 17:11:38,
wclngsb,western-cape-laingsburg,21,8,2022-09-30 12:41:10,2022-07-14 17:11:38,
wclmbrt,western-cape-lambertsbaai,21,8,2022-09-30 12:41:10,2022-07-14 17:11:38,
wclngbn,western-cape-langebaan,21,8,2022-09-30 12:41:10,2022-07-14 17:11:38,
wcltzvl,western-cape-lutzville,21,8,2022-09-30 12:41:10,2022-07-14 17:11:38,
wcmlgs,western-cape-malgas,21,8,2022-09-30 12:41:10,2022-07-14 17:11:38,
wcmlmsb,western-cape-malmesbury,21,8,2022-09-30 12:41:10,2022-07-14 17:11:38,
wcmcgrg,western-cape-mcgregor,21,8,2022-09-30 12:41:10,2022-09-18 23:56:52,
wcmntg,western-cape-montagu,21,8,2022-09-30 12:41:10,2022-09-18 23:56:52,
wcmrrsb,western-cape-moorreesbury,21,8,2022-09-30 12:41:10,2022-07-14 17:11:38,
wcmsslb,western-cape-mossel-bay,21,8,2022-09-30 12:41:10,2022-07-14 17:11:38,
wcnpr,western-cape-napier,21,8,2022-09-30 12:41:10,2022-07-14 17:11:38,
wcnoree,western-cape-noree,21,8,2022-09-30 12:41:10,2022-09-18 23:56:52,
wcdtshr,western-cape-oudtshoorn,21,8,2022-09-30 12:41:10,2022-07-14 17:11:38,
wcptrns,western-cape-paternoster,21,8,2022-09-30 12:41:10,2022-07-14 17:11:38,
wcpktbr,western-cape-piketberg,21,8,2022-09-30 12:41:10,2022-07-14 17:11:38,
wcplttn,western-cape-plettenberg-bay,21,8,2022-09-30 12:41:10,2022-07-14 17:11:38,
wcprtrv,western-cape-porterville,21,8,2022-09-30 12:41:10,2022-07-14 17:11:38,
wcprncl,western-cape-princealberttown,21,8,2022-09-30 12:41:10,2022-07-14 17:11:38,
wcprngl,western-cape-pringle-bay,21,8,2022-09-30 12:41:10,2022-07-14 17:11:38,
wcprtm,western-cape-protem,21,8,2022-09-30 12:41:10,2022-07-14 17:11:38,
wcrhnnd,western-cape-rheenendal,21,8,2022-09-30 12:41:10,2022-07-14 17:11:38,
wcrbckk,western-cape-riebeeck-kasteel,21,8,2022-09-30 12:41:10,2022-07-14 17:11:38,
wcrbckw,western-cape-riebeeck-west,21,8,2022-09-30 12:41:10,2022-07-14 17:11:38,
wcrvrsd,western-cape-riversdale,21,8,2022-09-30 12:41:10,2022-07-14 17:11:38,
wcrvrsn,western-cape-riviersonderend,21,8,2022-09-30 12:41:10,2022-07-14 17:11:38,
wcrbrts,western-cape-robertson,21,8,2022-09-30 12:41:10,2022-09-18 23:56:52,
wcsldnh,western-cape-saldanahbay,21,8,2022-09-30 12:41:10,2022-07-14 17:11:38,
wcstnfr,western-cape-stanford,21,8,2022-09-30 12:41:10,2022-07-14 17:11:38,
wcstlln,western-cape-stellenbosch,21,8,2022-09-30 12:41:10,2022-07-14 17:11:38,
wcsthln,western-cape-sthelenabay,21,8,2022-09-30 12:41:10,2022-07-14 17:11:38,
wcstmps,western-cape-stompeus-bay,21,8,2022-09-30 12:41:10,2022-07-14 17:11:38,
wcstrsb,western-cape-struisbaai,21,8,2022-09-30 12:41:10,2022-07-14 17:11:38,
wcsthrl,western-cape-sutherland,21,8,2022-09-30 12:41:10,2022-07-14 17:11:38,
wcsrbrk,western-cape-suurbraak,21,8,2022-09-30 12:41:10,2022-07-14 17:11:38,
wcswlln,western-cape-swellendam,21,8,2022-09-30 12:41:10,2022-07-14 17:11:38,
wctsslr,western-cape-tesselaarsdal,21,8,2022-09-30 12:41:10,2022-07-14 17:11:38,
wctllby,western-cape-till-bay,21,8,2022-09-30 12:41:10,2022-07-14 17:11:38,
wctwsrv,western-cape-touwsrivier,21,8,2022-09-30 12:41:10,2022-07-14 17:11:38,
wctlbgh,western-cape-tulbagh,21,8,2022-09-30 12:41:10,2022-07-14 17:11:38,
wcvnrhy,western-cape-van-rhynsdorp,21,8,2022-09-30 12:41:10,2022-07-14 17:11:38,
wcvnwyk,western-cape-vanwyksdorp,21,8,2022-09-30 12:41:10,2022-07-14 17:11:38,
wcvlddr,western-cape-velddrift,21,8,2022-09-30 12:41:10,2022-07-14 17:11:38,
wcvllrs,western-cape-villiersdorp,21,8,2022-09-30 12:41:10,2022-07-14 17:11:38,
wcvlsb,western-cape-vleesbaai,21,8,2022-09-30 12:41:10,2022-07-14 17:11:38,
wcvrdnb,western-cape-vredenburg,21,8,2022-09-30 12:41:10,2022-07-14 17:11:38,
wcvrdnd,western-cape-vredendal,21,8,2022-09-30 12:41:10,2022-07-14 17:11:38,
wcwllng,western-cape-wellington,21,8,2022-09-30 12:41:10,2022-07-14 17:11:38,
wcwtsnd,western-cape-witsand,21,8,2022-09-30 12:41:10,2022-07-14 17:11:38,
wcwlsly,western-cape-wolseley,21,8,2022-09-30 12:41:10,2022-07-14 17:11:38,
wcwrscs,western-cape-worscester,21,8,2022-09-30 12:41:10,2022-07-14 17:11:38,
wcyzrfn,western-cape-yzerfontein,21,8,2022-09-30 12:41:10,2022-07-14 17:11:38,
wczoar,western-cape-zoar,21,8,2022-09-30 12:41:10,2022-07-14 17:11:38,
eskom,eskom,22,22,2023-04-02 16:56:21,2023-04-02 16:56:21,
bgi-ekx,city-of-cape-town,23,23,2023-04-02 16:56:21,2023-04-02 16:56:21,
w5i-bk3,buffalo-city-block-1,24,25,2023-05-18 19:55:41,2023-04-02 22:38:44,
oml-kt5,buffalo-city-block-2,24,25,2023-05-18 19:55:41,2023-04-02 22:38:44,
nk8-i61,buffalo-city-block-3,24,25,2023-05-18 19:55:41,2023-04-02 22:38:44,
o9c-xm6,buffalo-city-block-4,24,25,2023-05-18 19:55:41,2023-04-02 22:38:44,
z77-qpj,buffalo-city-block-5,24,25,2023-05-18 19:55:41,2023-04-02 22:38:44,
bg9-5cr,buffalo-city-block-6,24,25,2023-05-18 19:55:41,2023-04-02 22:38:44,
spn-8jd,buffalo-city-block-7,24,25,2023-05-18 19:55:41,2023-04-02 22:38:44,
s3g-zdk,buffalo-city-block-8,24,25,2023-05-18 19:55:41,2023-04-02 22:38:44,
goq-deq,buffalo-city-block-9,24,25,2023-05-18 19:55:41,2023-04-02 22:38:44,
r0r-jqd,buffalo-city-block-10,24,25,2023-05-18 19:55:41,2023-04-02 22:38:44,
rds-s37,buffalo-city-block-11,24,25,2023-05-18 19:55:41,2023-04-02 22:38:44,
e37-cxb,buffalo-city-block-12,24,25,2023-05-18 19:55:41,2023-04-02 22:38:44,
7iu-xx2,buffalo-city-block-13,24,25,2023-05-18 19:55:41,2023-04-02 22:38:44,
yqv-4bz,buffalo-city-block-14,24,25,2023-05-18 19:55:41,2023-04-02 22:38:44,
g2l-imb,buffalo-city-block-15,24,25,2023-05-18 19:55:41,2023-04-02 22:38:44,
opw-u9s,buffalo-city-block-16,24,25,2023-05-18 19:55:41,2023-04-02 22:38:44,
1mn-7cy,buffalo-city-block-17,24,25,2023-05-18 19:55:41,2023-04-02 22:38:44,
dnd-bmt,buffalo-city-block-18,24,25,2023-05-18 19:55:41,2023-04-02 22:38:44,
1yq-gif,buffalo-city-block-19,24,25,2023-05-18 19:55:41,2023-04-02 22:43:48,
fsmngng,free-state-mangaung-group-1,26,27,2023-04-11 11:04:24,2023-04-11 11:04:24,
jur-opz,free-state-mangaung-group-2,26,27,2023-04-11 11:04:24,2023-04-11 11:04:24,
2ru-06u,free-state-mangaung-group-3,26,27,2023-04-11 11:04:24,2023-04-11 11:04:24,
mpc-9yv,free-state-mangaung-group-4,26,27,2023-04-11 11:04:24,2023-04-11 11:04:24,
9rs-l89,free-state-mangaung-group-5,26,27,2023-04-11 11:04:24,2023-04-11 11:04:24,
lpk-ad9,free-state-mangaung-group-6,26,27,2023-05-22 09:54:13,2023-04-11 11:04:24,
thkwn1,kwazulu-natal-ethekwini-block-1,28,29,2023-04-11 22:28:43,2023-04-11 22:28:43,
thkwn2,kwazulu-natal-ethekwini-block-2,28,29,2023-04-11 22:28:43,2023-04-11 22:28:43,
thkwn3,kwazulu-natal-ethekwini-block-3,28,29,2023-04-11 22:28:43,2023-04-11 22:28:43,
thkwn4,kwazulu-natal-ethekwini-block-4,28,29,2023-04-11 22:28:43,2023-04-11 22:28:43,
thkwn5,kwazulu-natal-ethekwini-block-5,28,29,2023-04-11 22:28:43,2023-04-11 22:28:43,
thkwn6,kwazulu-natal-ethekwini-block-6,28,29,2023-04-11 22:28:43,2023-04-11 22:28:43,
thkwn7,kwazulu-natal-ethekwini-block-7,28,29,2023-04-11 22:28:43,2023-04-11 22:28:43,
thkwn8,kwazulu-natal-ethekwini-block-8,28,29,2023-04-11 22:28:43,2023-04-11 22:28:43,
thkwn9,kwazulu-natal-ethekwini-block-9,28,29,2023-04-11 22:28:43,2023-04-11 22:28:43,
thkwn10,kwazulu-natal-ethekwini-block-10,28,29,2023-04-11 22:28:43,2023-04-11 22:28:43,
thkwn11,kwazulu-natal-ethekwini-block-11,28,29,2023-04-11 22:28:43,2023-04-11 22:28:43,
thkwn12,kwazulu-natal-ethekwini-block-12,28,29,2023-04-11 22:28:43,2023-04-11 22:28:43,
thkwn13,kwazulu-natal-ethekwini-block-13,28,29,2023-04-11 22:28:43,2023-04-11 22:28:43,
thkwn14,kwazulu-natal-ethekwini-block-14,28,29,2023-04-11 22:28:43,2023-04-11 22:28:43,
thkwn15,kwazulu-natal-ethekwini-block-15,28,29,2023-04-11 22:28:43,2023-04-11 22:28:43,
thkwn16,kwazulu-natal-ethekwini-block-16,28,29,2023-04-11 22:28:43,2023-04-11 22:28:43,
pwr-auz,kwazulu-natal-ethekwini-block-1a,30,29,2023-05-23 15:52:35,2023-05-23 15:52:35,
thkwn1b,kwazulu-natal-ethekwini-block-1b,30,29,2023-05-23 15:52:35,2023-05-23 15:52:35,
pmz-vki,kwazulu-natal-ethekwini-block-2a,30,29,2023-05-23 15:52:35,2023-05-23 15:52:35,
thkwn2b,kwazulu-natal-ethekwini-block-2b,30,29,2023-05-23 15:52:35,2023-05-23 15:52:35,
rxt-eqy,kwazulu-natal-ethekwini-block-3a,30,29,2023-05-23 15:52:35,2023-05-23 15:52:35,
thkwn3b,kwazulu-natal-ethekwini-block-3b,30,29,2023-05-23 15:52:35,2023-05-23 15:52:35,
0lp-5c1,kwazulu-natal-ethekwini-block-4a,30,29,2023-05-23 15:52:35,2023-05-23 15:52:35,
thkwn4b,kwazulu-natal-ethekwini-block-4b,30,29,2023-05-23 15:52:35,2023-05-23 15:52:35,
uvh-jdr,kwazulu-natal-ethekwini-block-5a,30,29,2023-05-23 15:52:35,2023-05-23 15:52:35,
thkwn5b,kwazulu-natal-ethekwini-block-5b,30,29,2023-05-23 15:52:35,2023-05-23 15:52:35,
as4-t0y,kwazulu-natal-ethekwini-block-6a,30,29,2023-05-23 15:52:35,2023-05-23 15:52:35,
thkwn6b,kwazulu-natal-ethekwini-block-6b,30,29,2023-05-23 15:52:35,2023-05-23 15:52:35,
lc6-8lp,kwazulu-natal-ethekwini-block-7a,30,29,2023-05-23 15:52:35,2023-05-23 15:52:35,
thkwn7b,kwazulu-natal-ethekwini-block-7b,30,29,2023-05-23 15:52:35,2023-05-23 15:52:35,
1br-2c7,kwazulu-natal-ethekwini-block-8a,30,29,2023-05-23 15:52:35,2023-05-23 15:52:35,
thkwn8b,kwazulu-natal-ethekwini-block-8b,30,29,2023-05-23 15:52:35,2023-05-23 15:52:35,
jxw-wf5,kwazulu-natal-ethekwini-block-9a,30,29,2023-05-23 15:52:35,2023-05-23 15:52:35,
thkwn9b,kwazulu-natal-ethekwini-block-9b,30,29,2023-05-23 15:52:35,2023-05-23 15:52:35,
wgo-a7c,kwazulu-natal-ethekwini-block-10a,30,29,2023-05-23 15:52:35,2023-05-23 15:52:35,
vjb-z93,kwazulu-natal-ethekwini-block-10b,30,29,2023-05-23 15:52:35,2023-05-23 15:52:35,
a5m-8ao,kwazulu-natal-ethekwini-block-11a,30,29,2023-05-23 15:52:35,2023-05-23 15:52:35,
osu-eg6,kwazulu-natal-ethekwini-block-11b,30,29,2023-05-23 15:52:35,2023-05-23 15:52:35,
wdu-xcl,kwazulu-natal-ethekwini-block-12a,30,29,2023-05-23 15:52:35,2023-05-23 15:52:35,
hpm-a7s,kwazulu-natal-ethekwini-block-12b,30,29,2023-05-23 15:52:35,2023-05-23 15:52:35,
7n7-3qf,kwazulu-natal-ethekwini-block-13a,30,29,2023-05-23 15:52:35,2023-05-23 15:52:35,
i30-kw0,kwazulu-natal-ethekwini-block-13b,30,29,2023-05-23 15:52:35,2023-05-23 15:52:35,
e7b-02r,kwazulu-natal-ethekwini-block-14a,30,29,2023-05-23 15:52:35,2023-05-23 15:52:35,
h7p-1si,kwazulu-natal-ethekwini-block-14b,30,29,2023-05-23 15:52:35,2023-05-23 15:52:35,
ume-g56,kwazulu-natal-ethekwini-block-15a,30,29,2023-05-23 15:52:35,2023-05-23 15:52:35,
cd6-l98,kwazulu-natal-ethekwini-block-15b,30,29,2023-05-23 15:52:35,2023-05-23 15:52:35,
qre-j6q,kwazulu-natal-ethekwini-block-16a,30,29,2023-05-23 15:52:35,2023-05-23 15:52:35,
z6w-zw1,kwazulu-natal-ethekwini-block-16b,30,29,2023-05-23 15:52:35,2023-05-23 15:52:35,
thkwn17,kwazulu-natal-ethekwini-block-17,30,29,2023-05-23 14:58:39,2023-05-23 14:58:39,
thkwn18,kwazulu-natal-ethekwini-block-18,30,29,2023-05-23 14:58:39,2023-05-23 14:58:39,
thkwn19,kwazulu-natal-ethekwini-block-19,30,29,2023-05-23 14:58:39,2023-05-23 14:58:39,
thkwn20,kwazulu-natal-ethekwini-block-20,30,29,2023-05-23 14:58:39,2023-05-23 14:58:39,
